settlement_id,utr,settled_on,order_id,entity_type,gross,fees,tax,net
setl_8bqPOuKTJQIruB,XFUVJWT3AGZ8J4S3,2026-07-22,order_IeyFjdsxlLsmlw,payment,53737.68,1074.75,193.46,52469.47
setl_8bqPOuKTJQIruB,XFUVJWT3AGZ8J4S3,2026-07-22,order_IrUq3DfQJo4Xoc,payment,375.90,7.52,1.35,367.03
setl_8bqPOuKTJQIruB,XFUVJWT3AGZ8J4S3,2026-07-22,order_SclvccS30Y0pnA,payment,27355.30,547.11,98.48,26709.71
setl_8bqPOuKTJQIruB,XFUVJWT3AGZ8J4S3,2026-07-22,order_TMJMsybsDqSkFR,payment,2640.43,52.81,9.51,2578.11
setl_8bqPOuKTJQIruB,XFUVJWT3AGZ8J4S3,2026-07-22,order_ceWsxcgPThhBN6,payment,20017.29,400.35,72.06,19544.88
setl_8bqPOuKTJQIruB,XFUVJWT3AGZ8J4S3,2026-07-22,order_pstJz9G6hjwzej,payment,4852.69,97.05,17.47,4738.17
setl_8bqPOuKTJQIruB,XFUVJWT3AGZ8J4S3,2026-07-22,order_wABlIeoJmcziOp,payment,1453.41,29.07,5.23,1419.11
setl_47n48tybqUxR8s,OVYT58DYJ3K7Z6HU,2026-07-23,order_13xQTaNQkmgjVZ,payment,1158.23,23.16,4.17,1130.90
setl_47n48tybqUxR8s,OVYT58DYJ3K7Z6HU,2026-07-23,order_6DNa7r9hzDOTCG,payment,3066.41,61.33,11.04,2994.04
setl_47n48tybqUxR8s,OVYT58DYJ3K7Z6HU,2026-07-23,order_7M91BlE5BmHl6x,payment,602.90,12.06,2.17,588.67
setl_47n48tybqUxR8s,OVYT58DYJ3K7Z6HU,2026-07-23,order_CBJUrgVaUO9xkN,payment,3215.60,64.31,11.58,3139.71
setl_47n48tybqUxR8s,OVYT58DYJ3K7Z6HU,2026-07-23,order_PCycAUUX7zO1E0,payment,4686.64,93.73,16.87,4576.04
setl_47n48tybqUxR8s,OVYT58DYJ3K7Z6HU,2026-07-23,order_WpDrkB6cca9W0R,payment,3817.48,76.35,13.74,3727.39
setl_47n48tybqUxR8s,OVYT58DYJ3K7Z6HU,2026-07-23,order_aGpeTlT8UHho4U,payment,602.80,12.06,2.17,588.57
setl_47n48tybqUxR8s,OVYT58DYJ3K7Z6HU,2026-07-23,order_eFnm33zM9rBLYT,payment,55812.06,1116.24,200.92,54494.90
setl_47n48tybqUxR8s,OVYT58DYJ3K7Z6HU,2026-07-23,order_jdMhTZqtSpd3e0,payment,2413.54,48.27,8.69,2356.58
setl_47n48tybqUxR8s,OVYT58DYJ3K7Z6HU,2026-07-23,order_mc9drujwKPNRsM,payment,13678.01,273.56,49.24,13355.21
setl_47n48tybqUxR8s,OVYT58DYJ3K7Z6HU,2026-07-23,order_oTYfoNKG3I6f6V,payment,3611.16,72.22,13.00,3525.94
setl_47n48tybqUxR8s,OVYT58DYJ3K7Z6HU,2026-07-23,order_tiVcsXs6ARNXwS,payment,4270.89,85.42,15.38,4170.09
setl_47n48tybqUxR8s,OVYT58DYJ3K7Z6HU,2026-07-23,order_oTYfoNKG3I6f6V,refund,-3611.16,-72.22,-13.00,-3525.94
setl_vL4PL94lXmuEsO,3JUZX20XUOBFPEV6,2026-07-24,order_5Re7rnM5BZZ4OF,payment,46028.47,920.57,165.70,44942.20
setl_vL4PL94lXmuEsO,3JUZX20XUOBFPEV6,2026-07-24,order_5XeMCl6Xhl6OhH,payment,2790.56,55.81,10.05,2724.70
setl_vL4PL94lXmuEsO,3JUZX20XUOBFPEV6,2026-07-24,order_5nhpNAtBjDbO6H,payment,4838.21,96.76,17.42,4724.03
setl_vL4PL94lXmuEsO,3JUZX20XUOBFPEV6,2026-07-24,order_6dcA7nB2Byrurr,payment,321.82,6.44,1.16,314.22
setl_vL4PL94lXmuEsO,3JUZX20XUOBFPEV6,2026-07-24,order_BAb8UzolmoXBjT,payment,1469.40,29.39,5.29,1434.72
setl_vL4PL94lXmuEsO,3JUZX20XUOBFPEV6,2026-07-24,order_EW1xhYDMuBgJ3N,payment,43081.68,861.63,155.09,42064.96
setl_vL4PL94lXmuEsO,3JUZX20XUOBFPEV6,2026-07-24,order_WPECQVq6oLtY53,payment,1337.37,26.75,4.82,1305.80
setl_vL4PL94lXmuEsO,3JUZX20XUOBFPEV6,2026-07-24,order_eGXv8La10GppnE,payment,951.43,19.03,3.43,928.97
setl_vL4PL94lXmuEsO,3JUZX20XUOBFPEV6,2026-07-24,order_lQft9ndsUnyfrX,payment,56716.88,1134.34,204.18,55378.36
setl_vL4PL94lXmuEsO,3JUZX20XUOBFPEV6,2026-07-24,order_qiDwL7G4GyTgVu,payment,1612.21,32.24,5.80,1574.17
setl_vL4PL94lXmuEsO,3JUZX20XUOBFPEV6,2026-07-24,order_uYvkVxyxydobCR,payment,827.43,16.55,2.98,807.90
setl_kGs1oOrI8vKgFX,2FRRRIV8UY69OOIP,2026-07-25,order_6sH8jcKSmWUKUC,payment,4112.90,82.26,14.81,4015.83
setl_kGs1oOrI8vKgFX,2FRRRIV8UY69OOIP,2026-07-25,order_APZDUtnJG5EJUg,payment,44091.36,881.83,158.73,43050.80
setl_kGs1oOrI8vKgFX,2FRRRIV8UY69OOIP,2026-07-25,order_Fi6X3zrPx7TQgj,payment,3313.46,66.27,11.93,3235.26
setl_kGs1oOrI8vKgFX,2FRRRIV8UY69OOIP,2026-07-25,order_FzOSK9ocQlJeT5,payment,1506.28,30.13,5.42,1470.73
setl_kGs1oOrI8vKgFX,2FRRRIV8UY69OOIP,2026-07-25,order_IjHCMrcon4n721,payment,4205.33,84.11,15.14,4106.08
setl_kGs1oOrI8vKgFX,2FRRRIV8UY69OOIP,2026-07-25,order_L2GKGrNXPkR6S7,payment,3788.01,75.76,13.64,3698.61
setl_kGs1oOrI8vKgFX,2FRRRIV8UY69OOIP,2026-07-25,order_XuUwt6GmAPm9cV,payment,3811.69,76.23,13.72,3721.74
setl_kGs1oOrI8vKgFX,2FRRRIV8UY69OOIP,2026-07-25,order_aerveQ9etPj12O,payment,52545.30,1050.91,189.16,51305.23
setl_kGs1oOrI8vKgFX,2FRRRIV8UY69OOIP,2026-07-25,order_cVVNawaaF20bNo,payment,2213.69,44.27,7.97,2161.45
setl_kGs1oOrI8vKgFX,2FRRRIV8UY69OOIP,2026-07-25,order_nr7X5A4OikMtUk,payment,1453.84,29.08,5.23,1419.53
setl_kGs1oOrI8vKgFX,2FRRRIV8UY69OOIP,2026-07-25,order_wsfEQK8iWQ2mWc,payment,1489.25,29.79,5.36,1454.10
setl_mXD9ztH1rv6Mt6,FDXWJASEK0XP7O3F,2026-07-26,order_7F3v2hqo424FLm,payment,4802.18,96.04,17.29,4688.85
setl_mXD9ztH1rv6Mt6,FDXWJASEK0XP7O3F,2026-07-26,order_9UsXWwF7svPnki,payment,54769.37,1095.39,197.17,53476.81
setl_mXD9ztH1rv6Mt6,FDXWJASEK0XP7O3F,2026-07-26,order_DSIQnout1gqDAi,payment,3071.77,61.44,11.06,2999.27
setl_mXD9ztH1rv6Mt6,FDXWJASEK0XP7O3F,2026-07-26,order_PtA0mBe0eZiomk,payment,778.29,15.57,2.80,759.92
setl_mXD9ztH1rv6Mt6,FDXWJASEK0XP7O3F,2026-07-26,order_U18xGzJeaMuCzh,payment,2940.88,58.82,10.59,2871.47
setl_mXD9ztH1rv6Mt6,FDXWJASEK0XP7O3F,2026-07-26,order_Uo2BtcLvab1L9Y,payment,3032.52,60.65,10.92,2960.95
setl_mXD9ztH1rv6Mt6,FDXWJASEK0XP7O3F,2026-07-26,order_cd8MPDSfsGPLss,payment,1763.19,35.26,6.35,1721.58
setl_mXD9ztH1rv6Mt6,FDXWJASEK0XP7O3F,2026-07-26,order_j7kRgyynIRSFd8,payment,2929.11,58.58,10.54,2859.99
setl_mXD9ztH1rv6Mt6,FDXWJASEK0XP7O3F,2026-07-26,order_jpFOAk3llhq2D1,payment,2102.69,42.05,7.57,2053.07
setl_mXD9ztH1rv6Mt6,FDXWJASEK0XP7O3F,2026-07-26,order_v2R1btIdLIbcQu,payment,313.65,6.27,1.13,306.25
setl_mXD9ztH1rv6Mt6,FDXWJASEK0XP7O3F,2026-07-26,order_yGmKl3kZfddRaP,payment,3782.38,75.65,13.62,3693.11
setl_JCth1HxvAgNPXr,5U5WEU8ZMAAZVZM8,2026-07-27,order_9Ft7WTus7auGjA,payment,3768.45,75.37,13.57,3679.51
setl_JCth1HxvAgNPXr,5U5WEU8ZMAAZVZM8,2026-07-27,order_BXDVKMefIWDKbc,payment,1450.43,29.01,5.22,1416.20
setl_JCth1HxvAgNPXr,5U5WEU8ZMAAZVZM8,2026-07-27,order_CD9DxJnDtb1bOK,payment,2747.02,54.94,9.89,2682.19
setl_JCth1HxvAgNPXr,5U5WEU8ZMAAZVZM8,2026-07-27,order_CapjFnoGUTovra,payment,2724.41,54.49,9.81,2660.11
setl_JCth1HxvAgNPXr,5U5WEU8ZMAAZVZM8,2026-07-27,order_DeiHq2kG5sMIrx,payment,3384.69,67.69,12.18,3304.82
setl_JCth1HxvAgNPXr,5U5WEU8ZMAAZVZM8,2026-07-27,order_E3fGnh3hW7ss08,payment,3633.73,72.67,13.08,3547.98
setl_JCth1HxvAgNPXr,5U5WEU8ZMAAZVZM8,2026-07-27,order_HidLKSzIYp1YQ6,payment,4471.44,89.43,16.10,4365.91
setl_JCth1HxvAgNPXr,5U5WEU8ZMAAZVZM8,2026-07-27,order_P7OEGwNUTx7K9R,payment,4449.68,88.99,16.02,4344.67
setl_JCth1HxvAgNPXr,5U5WEU8ZMAAZVZM8,2026-07-27,order_SBTfrZMHfDzQ2V,payment,3633.23,72.66,13.08,3547.49
setl_JCth1HxvAgNPXr,5U5WEU8ZMAAZVZM8,2026-07-27,order_Xm7tFZDO4yMqW6,payment,4923.56,98.47,17.72,4807.37
setl_JCth1HxvAgNPXr,5U5WEU8ZMAAZVZM8,2026-07-27,order_joAKD9LYuSXYCm,payment,565.49,11.31,2.04,552.14
setl_JCth1HxvAgNPXr,5U5WEU8ZMAAZVZM8,2026-07-27,order_kem5H1PPJiYtgk,payment,2600.16,52.00,9.36,2538.80
setl_JCth1HxvAgNPXr,5U5WEU8ZMAAZVZM8,2026-07-27,order_r1LR8AnoEf5F71,payment,3305.86,66.12,11.90,3227.84
setl_JCth1HxvAgNPXr,5U5WEU8ZMAAZVZM8,2026-07-27,order_xHOZqueTaxff1C,payment,1809.67,36.19,6.51,1766.97
setl_JCth1HxvAgNPXr,5U5WEU8ZMAAZVZM8,2026-07-27,order_yAQGSM56jl1BU2,payment,2139.49,42.79,7.70,2089.00
setl_gOPcYMpvoCau4C,O5UMAWOZB4WMHAK2,2026-07-28,order_1Uqrz7HLC69UeH,payment,880.04,17.60,3.17,859.27
setl_gOPcYMpvoCau4C,O5UMAWOZB4WMHAK2,2026-07-28,order_4ZwyzITQNRkev1,payment,4061.50,81.23,14.62,3965.65
setl_gOPcYMpvoCau4C,O5UMAWOZB4WMHAK2,2026-07-28,order_Ar7tGL06cvt0OE,payment,3891.49,77.83,14.01,3799.65
setl_gOPcYMpvoCau4C,O5UMAWOZB4WMHAK2,2026-07-28,order_BcEIozWuvgvDGO,payment,1441.74,28.83,5.19,1407.72
setl_gOPcYMpvoCau4C,O5UMAWOZB4WMHAK2,2026-07-28,order_Orh7xsEUEgZn9z,payment,438.38,8.77,1.58,428.03
setl_gOPcYMpvoCau4C,O5UMAWOZB4WMHAK2,2026-07-28,order_U4895sOms83vMt,payment,1333.50,26.67,4.80,1302.03
setl_gOPcYMpvoCau4C,O5UMAWOZB4WMHAK2,2026-07-28,order_ULchvC8TRgCxen,payment,1636.62,32.73,5.89,1598.00
setl_gOPcYMpvoCau4C,O5UMAWOZB4WMHAK2,2026-07-28,order_e68WdpDViDtven,payment,4421.77,88.44,15.92,4317.41
setl_gOPcYMpvoCau4C,O5UMAWOZB4WMHAK2,2026-07-28,order_jbQswKciWwc9NF,payment,4550.62,91.01,16.38,4443.23
setl_gOPcYMpvoCau4C,O5UMAWOZB4WMHAK2,2026-07-28,order_kUQkkLxHerm5OO,payment,4670.47,93.41,16.81,4560.25
setl_gOPcYMpvoCau4C,O5UMAWOZB4WMHAK2,2026-07-28,order_nNgqt1B4typnze,payment,1975.78,39.52,7.11,1929.15
setl_gOPcYMpvoCau4C,O5UMAWOZB4WMHAK2,2026-07-28,order_oT5yVNPfHHJ0GC,payment,3159.48,63.19,11.37,3084.92
setl_gOPcYMpvoCau4C,O5UMAWOZB4WMHAK2,2026-07-28,order_ppacwWdoQrHL2o,payment,2125.96,42.52,7.65,2075.79
setl_gOPcYMpvoCau4C,O5UMAWOZB4WMHAK2,2026-07-28,order_rA1RPVePwP9oJQ,payment,1538.18,30.76,5.54,1501.88
setl_gOPcYMpvoCau4C,O5UMAWOZB4WMHAK2,2026-07-28,order_s4T6KEuKLhOXid,payment,283.06,5.66,1.02,276.38
setl_hLd5wwZgNlCyV4,CSRDXOMQ122RZQ5E,2026-07-29,order_1jWhBar5CP9IJv,payment,44414.84,888.30,159.89,43366.65
setl_hLd5wwZgNlCyV4,CSRDXOMQ122RZQ5E,2026-07-29,order_2ktniNso8MIumc,payment,16472.19,329.44,59.30,16083.45
setl_hLd5wwZgNlCyV4,CSRDXOMQ122RZQ5E,2026-07-29,order_6TAnyU2H9DEJ58,payment,4078.53,81.57,14.68,3982.28
setl_hLd5wwZgNlCyV4,CSRDXOMQ122RZQ5E,2026-07-29,order_8nUsAuxhUubWa8,payment,8708.38,174.17,31.35,8502.86
setl_hLd5wwZgNlCyV4,CSRDXOMQ122RZQ5E,2026-07-29,order_Co0dTdxGYzMQXW,payment,1769.10,35.38,6.37,1727.35
setl_hLd5wwZgNlCyV4,CSRDXOMQ122RZQ5E,2026-07-29,order_EHrBugFXNAoLeG,payment,2197.03,43.94,7.91,2145.18
setl_hLd5wwZgNlCyV4,CSRDXOMQ122RZQ5E,2026-07-29,order_FFQDrMja1ndTmM,payment,1309.59,26.19,4.71,1278.69
setl_hLd5wwZgNlCyV4,CSRDXOMQ122RZQ5E,2026-07-29,order_I5p59OkBptdnNk,payment,1767.65,35.35,6.36,1725.94
setl_hLd5wwZgNlCyV4,CSRDXOMQ122RZQ5E,2026-07-29,order_MjsmK3R5HmHkgV,payment,59474.17,1189.48,214.11,58070.58
setl_hLd5wwZgNlCyV4,CSRDXOMQ122RZQ5E,2026-07-29,order_UNtzz8yZwo831t,payment,2178.21,43.56,7.84,2126.81
setl_hLd5wwZgNlCyV4,CSRDXOMQ122RZQ5E,2026-07-29,order_WP3Y5bSeSyECxi,payment,1656.08,33.12,5.96,1617.00
setl_hLd5wwZgNlCyV4,CSRDXOMQ122RZQ5E,2026-07-29,order_WY187EFXfB0OcC,payment,4077.59,81.55,14.68,3981.36
setl_hLd5wwZgNlCyV4,CSRDXOMQ122RZQ5E,2026-07-29,order_ZgvAIZDwbhKtCg,payment,3263.45,65.27,11.75,3186.43
setl_hLd5wwZgNlCyV4,CSRDXOMQ122RZQ5E,2026-07-29,order_cdDQSl1Tpg7pyY,payment,4432.86,88.66,15.96,4328.24
setl_hLd5wwZgNlCyV4,CSRDXOMQ122RZQ5E,2026-07-29,order_d1uRHivoNYXBzb,payment,1879.18,37.58,6.76,1834.84
setl_hLd5wwZgNlCyV4,CSRDXOMQ122RZQ5E,2026-07-29,order_igaBjuMbZFIjiq,payment,351.64,7.03,1.27,343.34
setl_hLd5wwZgNlCyV4,CSRDXOMQ122RZQ5E,2026-07-29,order_vRKKoasRZd5TG9,payment,4686.59,93.73,16.87,4575.99
setl_hLd5wwZgNlCyV4,CSRDXOMQ122RZQ5E,2026-07-29,order_zmv3YLHfgGglZt,payment,1368.44,27.37,4.93,1336.14
setl_KjULLlQfIs7rdx,QNBW3N7M8AODKZ4I,2026-07-30,order_7h82WQneEJpa2x,payment,1170.22,23.40,4.21,1142.61
setl_KjULLlQfIs7rdx,QNBW3N7M8AODKZ4I,2026-07-30,order_8wDcWXh6ue47I3,payment,1916.24,38.32,6.90,1871.02
setl_KjULLlQfIs7rdx,QNBW3N7M8AODKZ4I,2026-07-30,order_EzwbONVKdv7EyD,payment,4770.70,95.41,17.17,4658.12
setl_KjULLlQfIs7rdx,QNBW3N7M8AODKZ4I,2026-07-30,order_L5kqLesDpfZe38,payment,4264.51,85.29,15.35,4163.87
setl_KjULLlQfIs7rdx,QNBW3N7M8AODKZ4I,2026-07-30,order_P1uuhlTIjIqSEV,payment,3826.25,76.53,13.78,3735.94
setl_KjULLlQfIs7rdx,QNBW3N7M8AODKZ4I,2026-07-30,order_TIrgWdJDwNcu5Y,payment,2833.56,56.67,10.20,2766.69
setl_KjULLlQfIs7rdx,QNBW3N7M8AODKZ4I,2026-07-30,order_VFS5PoM0dpcW9M,payment,4339.39,86.79,15.62,4236.98
setl_KjULLlQfIs7rdx,QNBW3N7M8AODKZ4I,2026-07-30,order_cqmysHgtvO2gKM,payment,2668.62,53.37,9.61,2605.64
setl_KjULLlQfIs7rdx,QNBW3N7M8AODKZ4I,2026-07-30,order_dvEU7ExmfnEob2,payment,639.62,12.79,2.30,624.53
setl_KjULLlQfIs7rdx,QNBW3N7M8AODKZ4I,2026-07-30,order_jMkio7CU7GLFWq,payment,1826.08,36.52,6.57,1782.99
setl_KjULLlQfIs7rdx,QNBW3N7M8AODKZ4I,2026-07-30,order_m2510cFy5pD3Tx,payment,4044.10,80.88,14.56,3948.66
setl_KjULLlQfIs7rdx,QNBW3N7M8AODKZ4I,2026-07-30,order_oMj3YlA0izzmzl,payment,2015.87,40.32,7.26,1968.29
setl_KjULLlQfIs7rdx,QNBW3N7M8AODKZ4I,2026-07-30,order_uY127OzadX4PZ8,payment,1314.30,26.29,4.73,1283.28
setl_KjULLlQfIs7rdx,QNBW3N7M8AODKZ4I,2026-07-30,order_vSv7IRDHQLH72d,payment,15937.97,318.76,57.38,15561.83
setl_ZVm6gZ7kssxpip,NSFV8IPG7YDA25MN,2026-07-31,order_3rOtQN223nkifA,payment,4552.40,91.05,16.39,4444.96
setl_ZVm6gZ7kssxpip,NSFV8IPG7YDA25MN,2026-07-31,order_F4v7zjZ28H9UR5,payment,1310.18,26.20,4.72,1279.26
setl_ZVm6gZ7kssxpip,NSFV8IPG7YDA25MN,2026-07-31,order_FVZQnvbc7WfL45,payment,942.46,18.85,3.39,920.22
setl_ZVm6gZ7kssxpip,NSFV8IPG7YDA25MN,2026-07-31,order_JOoj3YZSIha0av,payment,633.64,12.67,2.28,618.69
setl_ZVm6gZ7kssxpip,NSFV8IPG7YDA25MN,2026-07-31,order_Srulab2mhjDpyk,payment,54957.80,1099.16,197.85,53660.79
setl_ZVm6gZ7kssxpip,NSFV8IPG7YDA25MN,2026-07-31,order_TatCsVbDF5d5U3,payment,3592.74,71.85,12.93,3507.96
setl_ZVm6gZ7kssxpip,NSFV8IPG7YDA25MN,2026-07-31,order_W7cIida0KNCdyA,payment,3964.17,79.28,14.27,3870.62
setl_ZVm6gZ7kssxpip,NSFV8IPG7YDA25MN,2026-07-31,order_Wq2BfqHTjW8kFZ,payment,1526.55,30.53,5.50,1490.52
setl_ZVm6gZ7kssxpip,NSFV8IPG7YDA25MN,2026-07-31,order_WvkxCQOvmKgzhg,payment,49501.10,990.02,178.20,48332.88
setl_ZVm6gZ7kssxpip,NSFV8IPG7YDA25MN,2026-07-31,order_cx98V6lVLx3RAl,payment,3257.63,65.15,11.73,3180.75
setl_ZVm6gZ7kssxpip,NSFV8IPG7YDA25MN,2026-07-31,order_gsVi7ARXQ7Byy0,payment,2014.98,40.30,7.25,1967.43
setl_ZVm6gZ7kssxpip,NSFV8IPG7YDA25MN,2026-07-31,order_i6uaDDOngeqx8a,payment,782.04,15.64,2.82,763.58
setl_mxHvO3kCyyvsNV,QE9REOEY1U3WG9VX,2026-08-01,order_31z3DkON1Ar15Y,payment,54796.13,1095.92,197.27,53502.94
setl_mxHvO3kCyyvsNV,QE9REOEY1U3WG9VX,2026-08-01,order_AVliHhLpf7tAeU,payment,3521.57,70.43,12.68,3438.46
setl_mxHvO3kCyyvsNV,QE9REOEY1U3WG9VX,2026-08-01,order_AjburaoRsb98OL,payment,946.31,18.93,3.41,923.97
setl_mxHvO3kCyyvsNV,QE9REOEY1U3WG9VX,2026-08-01,order_F3DTgsNhHi7GI7,payment,1725.94,34.52,6.21,1685.21
setl_mxHvO3kCyyvsNV,QE9REOEY1U3WG9VX,2026-08-01,order_K72BmwpMXmNYQq,payment,41494.12,829.88,149.38,40514.86
setl_mxHvO3kCyyvsNV,QE9REOEY1U3WG9VX,2026-08-01,order_K858OTozCx7UkL,payment,463.94,9.28,1.67,452.99
setl_mxHvO3kCyyvsNV,QE9REOEY1U3WG9VX,2026-08-01,order_RnkxXN57WtCrMA,payment,4222.32,84.45,15.20,4122.67
setl_mxHvO3kCyyvsNV,QE9REOEY1U3WG9VX,2026-08-01,order_jatDge0nFxd23I,payment,3893.88,77.88,14.02,3801.98
setl_mxHvO3kCyyvsNV,QE9REOEY1U3WG9VX,2026-08-01,order_s9WMhYLjdupbK9,payment,4543.69,90.87,16.36,4436.46
setl_O34yIpKxvoKagh,7CPWK1ZIILXGRI1U,2026-08-02,order_2T8DEgIB3zj6tW,payment,3246.69,64.93,11.69,3170.07
setl_O34yIpKxvoKagh,7CPWK1ZIILXGRI1U,2026-08-02,order_4SfbtMsIiIGw87,payment,2981.43,59.63,10.73,2911.07
setl_O34yIpKxvoKagh,7CPWK1ZIILXGRI1U,2026-08-02,order_4a3HmXV86blU7c,payment,927.25,18.55,3.34,905.36
setl_O34yIpKxvoKagh,7CPWK1ZIILXGRI1U,2026-08-02,order_5o4zE6OYSnZ0B8,payment,41187.28,823.75,148.28,40215.25
setl_O34yIpKxvoKagh,7CPWK1ZIILXGRI1U,2026-08-02,order_5pizuYb3YPiEHR,payment,38141.98,762.84,137.31,37241.83
setl_O34yIpKxvoKagh,7CPWK1ZIILXGRI1U,2026-08-02,order_B9l3rSVjCszGkA,payment,308.84,6.18,1.11,301.55
setl_O34yIpKxvoKagh,7CPWK1ZIILXGRI1U,2026-08-02,order_EgB2NR8FrTVPPw,payment,4820.69,96.41,17.35,4706.93
setl_O34yIpKxvoKagh,7CPWK1ZIILXGRI1U,2026-08-02,order_F5ewhFuysv9rBu,payment,3842.44,76.85,13.83,3751.76
setl_O34yIpKxvoKagh,7CPWK1ZIILXGRI1U,2026-08-02,order_G9IPIDzF6XqtUG,payment,4652.71,93.05,16.75,4542.91
setl_O34yIpKxvoKagh,7CPWK1ZIILXGRI1U,2026-08-02,order_MriPfdk7Nl4vXE,payment,2856.04,57.12,10.28,2788.64
setl_O34yIpKxvoKagh,7CPWK1ZIILXGRI1U,2026-08-02,order_OimCtk328TtUJk,payment,2812.75,56.26,10.13,2746.36
setl_O34yIpKxvoKagh,7CPWK1ZIILXGRI1U,2026-08-02,order_OnF8m9vcX1buq9,payment,2608.35,52.17,9.39,2546.79
setl_O34yIpKxvoKagh,7CPWK1ZIILXGRI1U,2026-08-02,order_QJLe52Uc5MpkZs,payment,2075.15,41.50,7.47,2026.18
setl_O34yIpKxvoKagh,7CPWK1ZIILXGRI1U,2026-08-02,order_YaJb8pYjtY7D7r,payment,3199.99,64.00,11.52,3124.47
setl_O34yIpKxvoKagh,7CPWK1ZIILXGRI1U,2026-08-02,order_YhIGDrcZFGbIxP,payment,1969.64,39.39,7.09,1923.16
setl_O34yIpKxvoKagh,7CPWK1ZIILXGRI1U,2026-08-02,order_bTWbP7MQaPsNCo,payment,2582.38,51.65,9.30,2521.43
setl_O34yIpKxvoKagh,7CPWK1ZIILXGRI1U,2026-08-02,order_eGIbblyke6Eezt,payment,3173.39,63.47,11.42,3098.50
setl_O34yIpKxvoKagh,7CPWK1ZIILXGRI1U,2026-08-02,order_mqAZm7229TTS0l,payment,16409.50,328.19,59.07,16022.24
setl_O34yIpKxvoKagh,7CPWK1ZIILXGRI1U,2026-08-02,order_xPKtP8pumwRVNQ,payment,2006.08,40.12,7.22,1958.74
setl_l7KmtfmUXhTFev,7MO9XH95I5VW8F2Z,2026-08-03,order_1cBap3Lo3UDaIR,payment,4703.24,94.06,16.93,4592.25
setl_l7KmtfmUXhTFev,7MO9XH95I5VW8F2Z,2026-08-03,order_5hUgK41P6u5Cu6,payment,1291.29,25.83,4.65,1260.81
setl_l7KmtfmUXhTFev,7MO9XH95I5VW8F2Z,2026-08-03,order_ChHl0DWw1Dlhgu,payment,3233.83,64.68,11.64,3157.51
setl_l7KmtfmUXhTFev,7MO9XH95I5VW8F2Z,2026-08-03,order_FGZOuJVrP8COMb,payment,803.20,16.06,2.89,784.25
setl_l7KmtfmUXhTFev,7MO9XH95I5VW8F2Z,2026-08-03,order_MHn2IoZWZykuLc,payment,1359.47,27.19,4.89,1327.39
setl_l7KmtfmUXhTFev,7MO9XH95I5VW8F2Z,2026-08-03,order_OCJG0WimhTwTjS,payment,526.27,10.53,1.90,513.84
setl_l7KmtfmUXhTFev,7MO9XH95I5VW8F2Z,2026-08-03,order_Srop7C55gLhMzp,payment,4855.42,97.11,17.48,4740.83
setl_l7KmtfmUXhTFev,7MO9XH95I5VW8F2Z,2026-08-03,order_nAKTEkgUXMNotZ,payment,1826.71,36.53,6.58,1783.60
setl_l7KmtfmUXhTFev,7MO9XH95I5VW8F2Z,2026-08-03,order_nKugVN6lI5Sx6i,payment,4252.21,85.04,15.31,4151.86
setl_l7KmtfmUXhTFev,7MO9XH95I5VW8F2Z,2026-08-03,order_prWKxQTUvIZGXR,payment,4466.70,89.33,16.08,4361.29
setl_l7KmtfmUXhTFev,7MO9XH95I5VW8F2Z,2026-08-03,order_somSr4i9imCob5,payment,1517.36,30.35,5.46,1481.55
setl_l7KmtfmUXhTFev,7MO9XH95I5VW8F2Z,2026-08-03,order_JaNQhhTgR8kT2N,payment,2000.00,40.00,7.20,1952.80
setl_K9Y0lq8O8KEELE,ID3SY34KSJHZ78V2,2026-08-04,order_1pYjwn5qGR7Og7,payment,1367.37,27.35,4.92,1335.10
setl_K9Y0lq8O8KEELE,ID3SY34KSJHZ78V2,2026-08-04,order_AqXiuPFK1OxByH,payment,4517.28,90.35,16.26,4410.67
setl_K9Y0lq8O8KEELE,ID3SY34KSJHZ78V2,2026-08-04,order_AztVmDI4eCwswi,payment,3372.16,67.44,12.14,3292.58
setl_K9Y0lq8O8KEELE,ID3SY34KSJHZ78V2,2026-08-04,order_H9pTSJEjx9Sa8K,payment,670.23,13.40,2.41,654.42
setl_K9Y0lq8O8KEELE,ID3SY34KSJHZ78V2,2026-08-04,order_U552lEaNh4JcIm,payment,4079.91,81.60,14.69,3983.62
setl_K9Y0lq8O8KEELE,ID3SY34KSJHZ78V2,2026-08-04,order_aYEczAzbhdMhQE,payment,2118.73,42.37,7.63,2068.73
setl_K9Y0lq8O8KEELE,ID3SY34KSJHZ78V2,2026-08-04,order_foTfx2TVdTKXVT,payment,3154.98,63.10,11.36,3080.52
setl_K9Y0lq8O8KEELE,ID3SY34KSJHZ78V2,2026-08-04,order_irzVHhz5oAWagm,payment,832.15,16.64,3.00,812.51
setl_K9Y0lq8O8KEELE,ID3SY34KSJHZ78V2,2026-08-04,order_jqnyFaTMtNDnuv,payment,2596.97,51.94,9.35,2535.68
setl_K9Y0lq8O8KEELE,ID3SY34KSJHZ78V2,2026-08-04,order_pFx0aZSiXIqdQM,payment,4908.67,98.17,17.67,4792.83
setl_K9Y0lq8O8KEELE,ID3SY34KSJHZ78V2,2026-08-04,order_ubdzoQ1XdyVtMy,payment,4287.04,85.74,15.43,4185.87
setl_K9Y0lq8O8KEELE,ID3SY34KSJHZ78V2,2026-08-04,order_ycq9SLiiG5gBPU,payment,4162.20,83.24,14.98,4063.98
setl_BVUpzKus5cJiCY,25DBA9EY11OBE3GG,2026-08-05,order_1pB2Wl5amSGAAZ,payment,2761.73,55.23,9.94,2696.56
setl_BVUpzKus5cJiCY,25DBA9EY11OBE3GG,2026-08-05,order_CNeqm5kRpCbVS2,payment,49326.77,986.54,177.58,48162.65
setl_BVUpzKus5cJiCY,25DBA9EY11OBE3GG,2026-08-05,order_CvnlfAGG9LsJuv,payment,2970.83,59.42,10.70,2900.71
setl_BVUpzKus5cJiCY,25DBA9EY11OBE3GG,2026-08-05,order_F8w0Auop8fKKX2,payment,3906.88,78.14,14.07,3814.67
setl_BVUpzKus5cJiCY,25DBA9EY11OBE3GG,2026-08-05,order_FjazkdqFx12AUg,payment,47960.29,959.21,172.66,46828.42
setl_BVUpzKus5cJiCY,25DBA9EY11OBE3GG,2026-08-05,order_GseyO7PyL3vOQO,payment,2057.67,41.15,7.41,2009.11
setl_BVUpzKus5cJiCY,25DBA9EY11OBE3GG,2026-08-05,order_QxmgHwKxlytEe1,payment,2845.80,56.92,10.25,2778.63
setl_BVUpzKus5cJiCY,25DBA9EY11OBE3GG,2026-08-05,order_T6g0fKSZg14ZPn,payment,1260.71,25.21,4.54,1230.96
setl_BVUpzKus5cJiCY,25DBA9EY11OBE3GG,2026-08-05,order_Wk5H92pO8sBAKt,payment,3840.56,76.81,13.83,3749.92
setl_BVUpzKus5cJiCY,25DBA9EY11OBE3GG,2026-08-05,order_YkalBXYT1vzGSc,payment,3018.35,60.37,10.87,2947.11
setl_BVUpzKus5cJiCY,25DBA9EY11OBE3GG,2026-08-05,order_Zr7z687uFIuDli,payment,2080.44,41.61,7.49,2031.34
setl_BVUpzKus5cJiCY,25DBA9EY11OBE3GG,2026-08-05,order_cgb2oaYlUqbD7r,payment,4608.59,92.17,16.59,4499.83
setl_BVUpzKus5cJiCY,25DBA9EY11OBE3GG,2026-08-05,order_gb2cKHWawDfZbr,payment,3418.85,68.38,12.31,3338.16
setl_BVUpzKus5cJiCY,25DBA9EY11OBE3GG,2026-08-05,order_kL6cOILfN4ggjG,payment,4747.60,94.95,17.09,4635.56
setl_BVUpzKus5cJiCY,25DBA9EY11OBE3GG,2026-08-05,order_m0TtNdx2x4TlbS,payment,5392.37,107.85,19.41,5265.11
setl_BVUpzKus5cJiCY,25DBA9EY11OBE3GG,2026-08-05,order_m6GAEtxiPVpUIE,payment,2115.94,42.32,7.62,2066.00
setl_BVUpzKus5cJiCY,25DBA9EY11OBE3GG,2026-08-05,order_F8w0Auop8fKKX2,refund,-3906.88,-78.14,-14.07,-3814.67
setl_Qiq9OJkdadigqf,R2ISAT2JNEEF9HQT,2026-08-06,order_1w530dKhyXOFfP,payment,2115.43,42.31,7.62,2065.50
setl_Qiq9OJkdadigqf,R2ISAT2JNEEF9HQT,2026-08-06,order_3A7H5Dp0nt1FbF,payment,1408.73,28.17,5.07,1375.49
setl_Qiq9OJkdadigqf,R2ISAT2JNEEF9HQT,2026-08-06,order_BsECTzxnZopuaJ,payment,2288.41,45.77,8.24,2234.40
setl_Qiq9OJkdadigqf,R2ISAT2JNEEF9HQT,2026-08-06,order_C25XQqbdjPF9yt,payment,1819.98,36.40,6.55,1777.03
setl_Qiq9OJkdadigqf,R2ISAT2JNEEF9HQT,2026-08-06,order_IeFpHMqlBPCV84,payment,40231.30,804.63,144.83,39281.84
setl_Qiq9OJkdadigqf,R2ISAT2JNEEF9HQT,2026-08-06,order_Jr4qTDXJRqHKAL,payment,2856.93,57.14,10.29,2789.50
setl_Qiq9OJkdadigqf,R2ISAT2JNEEF9HQT,2026-08-06,order_K2lQfD8MBuTScB,payment,743.20,14.86,2.67,725.67
setl_Qiq9OJkdadigqf,R2ISAT2JNEEF9HQT,2026-08-06,order_OJArroey2cIHHg,payment,2217.70,44.35,7.98,2165.37
setl_Qiq9OJkdadigqf,R2ISAT2JNEEF9HQT,2026-08-06,order_ZE6KWg7ge4u9aL,payment,1328.32,26.57,4.78,1296.97
setl_Qiq9OJkdadigqf,R2ISAT2JNEEF9HQT,2026-08-06,order_pIByz3bDKtMZ20,payment,4665.03,93.30,16.79,4554.94
setl_Qiq9OJkdadigqf,R2ISAT2JNEEF9HQT,2026-08-06,order_sNfTmyKwLDGXLe,payment,2803.96,56.08,10.09,2737.79
setl_Qiq9OJkdadigqf,R2ISAT2JNEEF9HQT,2026-08-06,order_zG7k8TVGL8hzKj,payment,562.36,11.25,2.03,549.08
setl_Qiq9OJkdadigqf,R2ISAT2JNEEF9HQT,2026-08-06,order_zn7x359NSRTErU,payment,3139.11,62.78,11.30,3065.03
setl_k4UBs7yk1PMNBY,06HBS5DJJEZHUU3B,2026-08-07,order_2V2WaN72dxNCq8,payment,4942.23,98.84,17.79,4825.60
setl_k4UBs7yk1PMNBY,06HBS5DJJEZHUU3B,2026-08-07,order_44ukmbamoUyKyU,payment,519.16,10.38,1.87,506.91
setl_k4UBs7yk1PMNBY,06HBS5DJJEZHUU3B,2026-08-07,order_5LTKI27KWlJozK,payment,2459.91,49.20,8.86,2401.85
setl_k4UBs7yk1PMNBY,06HBS5DJJEZHUU3B,2026-08-07,order_8ad3drGL8riYBx,payment,34950.68,699.01,125.82,34125.85
setl_k4UBs7yk1PMNBY,06HBS5DJJEZHUU3B,2026-08-07,order_EPi8mFLHbqp0kZ,payment,2851.37,57.03,10.27,2784.07
setl_k4UBs7yk1PMNBY,06HBS5DJJEZHUU3B,2026-08-07,order_QOy2QlAbc3cDyR,payment,2233.19,44.66,8.04,2180.49
setl_k4UBs7yk1PMNBY,06HBS5DJJEZHUU3B,2026-08-07,order_UtuNLG3iinogzQ,payment,2724.16,54.48,9.81,2659.87
setl_k4UBs7yk1PMNBY,06HBS5DJJEZHUU3B,2026-08-07,order_dBePPCXEtbYCzn,payment,3567.17,71.34,12.84,3482.99
setl_k4UBs7yk1PMNBY,06HBS5DJJEZHUU3B,2026-08-07,order_dJs4TwigdxFoIE,payment,4916.07,98.32,17.70,4800.05
setl_k4UBs7yk1PMNBY,06HBS5DJJEZHUU3B,2026-08-07,order_fDHLfBVurHJysC,payment,2641.65,52.83,9.51,2579.31
setl_k4UBs7yk1PMNBY,06HBS5DJJEZHUU3B,2026-08-07,order_iLfTe71I2y4MsY,payment,4083.04,81.66,14.70,3986.68
setl_k4UBs7yk1PMNBY,06HBS5DJJEZHUU3B,2026-08-07,order_pSV4FdVJDHmNhZ,payment,50317.46,1006.35,181.14,49129.97
setl_k4UBs7yk1PMNBY,06HBS5DJJEZHUU3B,2026-08-07,order_qSjomoU3nfkSSj,payment,2251.30,45.03,8.11,2198.16
setl_k4UBs7yk1PMNBY,06HBS5DJJEZHUU3B,2026-08-07,order_tLvoGm6nCcit6Q,payment,219.88,4.40,0.79,214.69
setl_k4UBs7yk1PMNBY,06HBS5DJJEZHUU3B,2026-08-07,order_y8tJwPfZf9ZPAR,payment,4223.56,84.47,15.20,4123.89
setl_7qezEqMyrqEDCy,XUI0AV8CKMNO0UHX,2026-08-08,order_1qV7yLN744muK9,payment,2904.28,58.09,10.46,2835.73
setl_7qezEqMyrqEDCy,XUI0AV8CKMNO0UHX,2026-08-08,order_CZ9ISyAa7ePU4F,payment,51502.90,1030.06,185.41,50287.43
setl_7qezEqMyrqEDCy,XUI0AV8CKMNO0UHX,2026-08-08,order_D1yfsyEixKZWko,payment,4179.23,83.58,15.04,4080.61
setl_7qezEqMyrqEDCy,XUI0AV8CKMNO0UHX,2026-08-08,order_KKDW1akFnEzfOe,payment,418.85,8.38,1.51,408.96
setl_7qezEqMyrqEDCy,XUI0AV8CKMNO0UHX,2026-08-08,order_PWBWOE6tF7uyVq,payment,2971.87,59.44,10.70,2901.73
setl_7qezEqMyrqEDCy,XUI0AV8CKMNO0UHX,2026-08-08,order_RDDRUPKqPXah8j,payment,307.34,6.15,1.11,300.08
setl_7qezEqMyrqEDCy,XUI0AV8CKMNO0UHX,2026-08-08,order_Zy4h7FpnwEWYKC,payment,32397.98,647.96,116.63,31633.39
setl_7qezEqMyrqEDCy,XUI0AV8CKMNO0UHX,2026-08-08,order_ciFlm6J2Jg8ieU,payment,2614.69,52.29,9.41,2552.99
setl_7qezEqMyrqEDCy,XUI0AV8CKMNO0UHX,2026-08-08,order_lk4ZPacYoHnM84,payment,4716.45,94.33,16.98,4605.14
setl_7qezEqMyrqEDCy,XUI0AV8CKMNO0UHX,2026-08-08,order_mH26w055WX3I2H,payment,2395.61,47.91,8.62,2339.08
setl_7qezEqMyrqEDCy,XUI0AV8CKMNO0UHX,2026-08-08,order_oFnbK6KaEoB9sz,payment,4953.10,99.06,17.83,4836.21
setl_7qezEqMyrqEDCy,XUI0AV8CKMNO0UHX,2026-08-08,order_wtnGOa3gx2cKHM,payment,4747.92,94.96,17.09,4635.87
setl_7qezEqMyrqEDCy,XUI0AV8CKMNO0UHX,2026-08-08,order_xqTsf80KhCZ3ur,payment,3847.78,76.96,13.85,3756.97
setl_7qezEqMyrqEDCy,XUI0AV8CKMNO0UHX,2026-08-08,order_zmonaXFm5cYHBG,payment,2538.91,50.78,9.14,2478.99
setl_C9yM0897PJ4MSU,3QWSXYWD26ZGY296,2026-08-09,order_6nip3ApeDDKZNK,payment,2986.67,59.73,10.75,2916.19
setl_C9yM0897PJ4MSU,3QWSXYWD26ZGY296,2026-08-09,order_AB1Rt0B5Bu9GBs,payment,4035.47,80.71,14.53,3940.23
setl_C9yM0897PJ4MSU,3QWSXYWD26ZGY296,2026-08-09,order_C8Os00UNFFKJux,payment,3654.74,73.09,13.16,3568.49
setl_C9yM0897PJ4MSU,3QWSXYWD26ZGY296,2026-08-09,order_CANTI9rRwjtKMv,payment,2343.53,46.87,8.44,2288.22
setl_C9yM0897PJ4MSU,3QWSXYWD26ZGY296,2026-08-09,order_IM55VpLLSNShiO,payment,707.59,14.15,2.55,690.89
setl_C9yM0897PJ4MSU,3QWSXYWD26ZGY296,2026-08-09,order_JGxdRwmEgbQdMh,payment,3071.68,61.43,11.06,2999.19
setl_C9yM0897PJ4MSU,3QWSXYWD26ZGY296,2026-08-09,order_L1OgNKLkNS9EJg,payment,856.26,17.13,3.08,836.05
setl_C9yM0897PJ4MSU,3QWSXYWD26ZGY296,2026-08-09,order_YUSGfYsAdCIQii,payment,1902.95,38.06,6.85,1858.04
setl_C9yM0897PJ4MSU,3QWSXYWD26ZGY296,2026-08-09,order_Yqe4nsE6XHA99A,payment,3564.02,71.28,12.83,3479.91
setl_C9yM0897PJ4MSU,3QWSXYWD26ZGY296,2026-08-09,order_Yx10jQlB8jASb4,payment,46641.76,932.84,167.91,45541.01
setl_C9yM0897PJ4MSU,3QWSXYWD26ZGY296,2026-08-09,order_ZDYzKwYopHa3MK,payment,1170.24,23.40,4.21,1142.63
setl_41bx77vBAnSUDU,LDSHNDNMXDHUS14E,2026-08-10,order_DbjzxSTdx14VEp,payment,3506.22,70.12,12.62,3423.48
setl_41bx77vBAnSUDU,LDSHNDNMXDHUS14E,2026-08-10,order_E2HglpsJJYPG0T,payment,1748.76,34.98,6.30,1707.48
setl_41bx77vBAnSUDU,LDSHNDNMXDHUS14E,2026-08-10,order_Epnv1qv7UZIHQl,payment,398.79,7.98,1.44,389.37
setl_41bx77vBAnSUDU,LDSHNDNMXDHUS14E,2026-08-10,order_HodkYuetwz59Zx,payment,18857.91,377.16,67.89,18412.86
setl_41bx77vBAnSUDU,LDSHNDNMXDHUS14E,2026-08-10,order_IakWgtMLHrdEmc,payment,2854.65,57.09,10.28,2787.28
setl_41bx77vBAnSUDU,LDSHNDNMXDHUS14E,2026-08-10,order_NaRpaDHM2IVC8P,payment,4801.60,96.03,17.29,4688.28
setl_41bx77vBAnSUDU,LDSHNDNMXDHUS14E,2026-08-10,order_Q0JYHbllZtsm0X,payment,3321.98,66.44,11.96,3243.58
setl_41bx77vBAnSUDU,LDSHNDNMXDHUS14E,2026-08-10,order_Q4qiWDmGMEvh6q,payment,4703.72,94.07,16.93,4592.72
setl_41bx77vBAnSUDU,LDSHNDNMXDHUS14E,2026-08-10,order_TvU51DdXmZfNRl,payment,4416.73,88.33,15.90,4312.50
setl_41bx77vBAnSUDU,LDSHNDNMXDHUS14E,2026-08-10,order_W9L6BQvk5o5XyL,payment,39763.48,795.27,143.15,38825.06
setl_41bx77vBAnSUDU,LDSHNDNMXDHUS14E,2026-08-10,order_Y0wczijkI5ZmrB,payment,4432.06,88.64,15.96,4327.46
setl_41bx77vBAnSUDU,LDSHNDNMXDHUS14E,2026-08-10,order_af0zF6jJHerAGE,payment,1712.12,34.24,6.16,1671.72
setl_41bx77vBAnSUDU,LDSHNDNMXDHUS14E,2026-08-10,order_fiscfgvFqBfmVM,payment,53726.18,1074.52,193.41,52458.25
setl_41bx77vBAnSUDU,LDSHNDNMXDHUS14E,2026-08-10,order_fvC9dC3zJFqeUx,payment,4179.99,83.60,15.05,4081.34
setl_41bx77vBAnSUDU,LDSHNDNMXDHUS14E,2026-08-10,order_gWIeyeqzlv3ATn,payment,3933.72,78.67,14.16,3840.89
setl_41bx77vBAnSUDU,LDSHNDNMXDHUS14E,2026-08-10,order_p8QmBIIYHwPALm,payment,2019.83,40.40,7.27,1972.16
setl_41bx77vBAnSUDU,LDSHNDNMXDHUS14E,2026-08-10,order_rKHPtUTkiswAC8,payment,1412.94,28.26,5.09,1379.59
setl_41bx77vBAnSUDU,LDSHNDNMXDHUS14E,2026-08-10,order_uH9e52yHaWQ2Ew,payment,2765.52,55.31,9.96,2700.25
setl_41bx77vBAnSUDU,LDSHNDNMXDHUS14E,2026-08-10,order_xopViuCwhEr5Kz,payment,2241.37,44.83,8.07,2188.47
setl_JYfEj4vnd4AIzX,WAS85SE1VV02YUKP,2026-08-11,order_APg9u2TLGSshER,payment,669.60,13.39,2.41,653.80
setl_JYfEj4vnd4AIzX,WAS85SE1VV02YUKP,2026-08-11,order_BUrPS8qO42uL92,payment,3585.32,71.71,12.91,3500.70
setl_JYfEj4vnd4AIzX,WAS85SE1VV02YUKP,2026-08-11,order_Nxg2iBiqdeshLa,payment,1746.21,34.92,6.29,1705.00
setl_JYfEj4vnd4AIzX,WAS85SE1VV02YUKP,2026-08-11,order_OtGDMwwsp1qi9L,payment,3505.48,70.11,12.62,3422.75
setl_JYfEj4vnd4AIzX,WAS85SE1VV02YUKP,2026-08-11,order_UmFC5EjVVUHlmg,payment,2236.46,44.73,8.05,2183.68
setl_JYfEj4vnd4AIzX,WAS85SE1VV02YUKP,2026-08-11,order_exKvKx8HKSnbPq,payment,3488.70,69.77,12.56,3406.37
setl_JYfEj4vnd4AIzX,WAS85SE1VV02YUKP,2026-08-11,order_miK979yQ5kWFRd,payment,4236.52,84.73,15.25,4136.54
setl_JYfEj4vnd4AIzX,WAS85SE1VV02YUKP,2026-08-11,order_p0oelURRxehXY2,payment,566.36,11.33,2.04,552.99
setl_JYfEj4vnd4AIzX,WAS85SE1VV02YUKP,2026-08-11,order_pvVnloTjuvO9dU,payment,3971.54,79.43,14.30,3877.81
setl_JYfEj4vnd4AIzX,WAS85SE1VV02YUKP,2026-08-11,order_syhHPZWyK2V3am,payment,1009.65,20.19,3.63,985.83
setl_JYfEj4vnd4AIzX,WAS85SE1VV02YUKP,2026-08-11,order_twCUAtoGO5CHN6,payment,2141.26,42.83,7.71,2090.72
setl_JYfEj4vnd4AIzX,WAS85SE1VV02YUKP,2026-08-11,order_Co0dTdxGYzMQXW,chargeback,-1769.10,-35.38,-6.37,-1727.35
setl_o9gS2KHS8vMpHJ,P3XBBQM95SUIGM4I,2026-08-12,order_4rBPiKl4QSMuqn,payment,7163.30,143.27,25.79,6994.24
setl_o9gS2KHS8vMpHJ,P3XBBQM95SUIGM4I,2026-08-12,order_7GcKg9dA7ZKamg,payment,1307.80,26.16,4.71,1276.93
setl_o9gS2KHS8vMpHJ,P3XBBQM95SUIGM4I,2026-08-12,order_8smaU34Poi7D1Y,payment,34486.73,689.73,124.15,33672.85
setl_o9gS2KHS8vMpHJ,P3XBBQM95SUIGM4I,2026-08-12,order_Cr2r4unOYz1pUE,payment,2278.76,45.58,8.20,2224.98
setl_o9gS2KHS8vMpHJ,P3XBBQM95SUIGM4I,2026-08-12,order_CuTbbMS0qMbmjT,payment,3145.94,62.92,11.33,3071.69
setl_o9gS2KHS8vMpHJ,P3XBBQM95SUIGM4I,2026-08-12,order_Exal6jkSWG8iHZ,payment,2678.34,53.57,9.64,2615.13
setl_o9gS2KHS8vMpHJ,P3XBBQM95SUIGM4I,2026-08-12,order_JmTXg8T5TqN5Yt,payment,4287.30,85.75,15.44,4186.11
setl_o9gS2KHS8vMpHJ,P3XBBQM95SUIGM4I,2026-08-12,order_MmBHgDdYcoJWDj,payment,3400.23,68.00,12.24,3319.99
setl_o9gS2KHS8vMpHJ,P3XBBQM95SUIGM4I,2026-08-12,order_NOOOe2tRzQUj1d,payment,2046.81,40.94,7.37,1998.50
setl_o9gS2KHS8vMpHJ,P3XBBQM95SUIGM4I,2026-08-12,order_PmSHPxTFGFdKxd,payment,4097.63,81.95,14.75,4000.93
setl_o9gS2KHS8vMpHJ,P3XBBQM95SUIGM4I,2026-08-12,order_iOnT7bN0cXmPTv,payment,1662.26,33.25,5.99,1623.02
setl_o9gS2KHS8vMpHJ,P3XBBQM95SUIGM4I,2026-08-12,order_mvYdzBKH6qTO8U,payment,1671.45,33.43,6.02,1632.00
setl_o9gS2KHS8vMpHJ,P3XBBQM95SUIGM4I,2026-08-12,order_oJfIWBbTprsvN0,payment,46483.02,929.66,167.34,45386.02
setl_o9gS2KHS8vMpHJ,P3XBBQM95SUIGM4I,2026-08-12,order_p94MRidWYOLu5T,payment,1463.21,29.26,5.27,1428.68
setl_o9gS2KHS8vMpHJ,P3XBBQM95SUIGM4I,2026-08-12,order_q6DAmnGB6KU399,payment,56794.06,1135.88,204.46,55453.72
setl_o9gS2KHS8vMpHJ,P3XBBQM95SUIGM4I,2026-08-12,order_zsGcm73e2JvFQh,payment,39189.24,783.78,141.08,38264.38
setl_VMTONzzsf3bh5u,LN5XOQS497YMFJS6,2026-08-13,order_00bpYrXSSI0hRn,payment,4322.45,86.45,15.56,4220.44
setl_VMTONzzsf3bh5u,LN5XOQS497YMFJS6,2026-08-13,order_2Rt6qcloHisuiE,payment,3323.13,66.46,11.96,3244.71
setl_VMTONzzsf3bh5u,LN5XOQS497YMFJS6,2026-08-13,order_32ETMolOMF6Onb,payment,1621.84,32.44,5.84,1583.56
setl_VMTONzzsf3bh5u,LN5XOQS497YMFJS6,2026-08-13,order_6SUgIg2VQpwHVw,payment,9570.85,191.42,34.46,9344.97
setl_VMTONzzsf3bh5u,LN5XOQS497YMFJS6,2026-08-13,order_8O9Wo9KXn2zKUT,payment,326.92,6.54,1.18,319.20
setl_VMTONzzsf3bh5u,LN5XOQS497YMFJS6,2026-08-13,order_8XvNfyayabxRPm,payment,1376.84,27.54,4.96,1344.34
setl_VMTONzzsf3bh5u,LN5XOQS497YMFJS6,2026-08-13,order_A27TeiorlLlSQL,payment,3124.47,62.49,11.25,3050.73
setl_VMTONzzsf3bh5u,LN5XOQS497YMFJS6,2026-08-13,order_DTgVFX39demqG4,payment,46709.91,934.20,168.16,45607.55
setl_VMTONzzsf3bh5u,LN5XOQS497YMFJS6,2026-08-13,order_GFP5DM6NPj01rt,payment,3740.69,74.81,13.47,3652.41
setl_VMTONzzsf3bh5u,LN5XOQS497YMFJS6,2026-08-13,order_GpHJgzzhLVZVK3,payment,3850.65,77.01,13.86,3759.78
setl_VMTONzzsf3bh5u,LN5XOQS497YMFJS6,2026-08-13,order_jnzpdygcPw2YKG,payment,1963.80,39.28,7.07,1917.45
setl_VMTONzzsf3bh5u,LN5XOQS497YMFJS6,2026-08-13,order_q4BwoROUeYwvKN,payment,4798.92,95.98,17.28,4685.66
setl_iFIl1DVW1b4v9H,R5W4K95B6XOUOCID,2026-08-14,order_1MNg3Vmzzu5aP1,payment,4825.51,96.51,17.37,4711.63
setl_iFIl1DVW1b4v9H,R5W4K95B6XOUOCID,2026-08-14,order_35SynxZ7DCsH3U,payment,4500.96,90.02,16.20,4394.74
setl_iFIl1DVW1b4v9H,R5W4K95B6XOUOCID,2026-08-14,order_4uBYip8bW5NeCW,payment,3726.94,74.54,13.42,3638.98
setl_iFIl1DVW1b4v9H,R5W4K95B6XOUOCID,2026-08-14,order_6eHlCKW8qsBndC,payment,2276.56,45.53,8.20,2222.83
setl_iFIl1DVW1b4v9H,R5W4K95B6XOUOCID,2026-08-14,order_NV0HP4ek7rPqt8,payment,18733.88,374.68,67.44,18291.76
setl_iFIl1DVW1b4v9H,R5W4K95B6XOUOCID,2026-08-14,order_Pb3M3ECmpaqZTW,payment,3797.96,75.96,13.67,3708.33
setl_iFIl1DVW1b4v9H,R5W4K95B6XOUOCID,2026-08-14,order_Q3kmPuS9qLxxmt,payment,11464.66,229.29,41.27,11194.10
setl_iFIl1DVW1b4v9H,R5W4K95B6XOUOCID,2026-08-14,order_T99u6JivXHmQyA,payment,2382.19,47.64,8.58,2325.97
setl_iFIl1DVW1b4v9H,R5W4K95B6XOUOCID,2026-08-14,order_ZVKN9Sqd1wQ5H6,payment,48850.41,977.01,175.86,47697.54
setl_iFIl1DVW1b4v9H,R5W4K95B6XOUOCID,2026-08-14,order_icwmSJqM1PrYI3,payment,2391.89,47.84,8.61,2335.44
setl_iFIl1DVW1b4v9H,R5W4K95B6XOUOCID,2026-08-14,order_j4lxPAvsKjXPKd,payment,1287.81,25.76,4.64,1257.41
setl_iFIl1DVW1b4v9H,R5W4K95B6XOUOCID,2026-08-14,order_oJ0qnJaK8Lmyfr,payment,4835.49,96.71,17.41,4721.37
setl_O3kCmBAPfKY99s,AIGXR93VJ9P47XYR,2026-08-15,order_ECpR5uUyHwOD0B,payment,2900.62,58.01,10.44,2832.17
setl_O3kCmBAPfKY99s,AIGXR93VJ9P47XYR,2026-08-15,order_EFf1sMXCWqfXk9,payment,279.78,5.60,1.01,273.17
setl_O3kCmBAPfKY99s,AIGXR93VJ9P47XYR,2026-08-15,order_EPSHHDDF77gJwV,payment,293.84,5.88,1.06,286.90
setl_O3kCmBAPfKY99s,AIGXR93VJ9P47XYR,2026-08-15,order_I7na4hlYs7haAo,payment,4354.55,87.09,15.68,4251.78
setl_O3kCmBAPfKY99s,AIGXR93VJ9P47XYR,2026-08-15,order_MUsnGIqWVKUUg5,payment,10924.45,218.49,39.33,10666.63
setl_O3kCmBAPfKY99s,AIGXR93VJ9P47XYR,2026-08-15,order_OXRXUZtP8jybPr,payment,3899.48,77.99,14.04,3807.45
setl_O3kCmBAPfKY99s,AIGXR93VJ9P47XYR,2026-08-15,order_mM8ufrxTCMdnKN,payment,3276.22,65.52,11.79,3198.91
setl_LEt5ia5SDkxi2R,ZHGX20POQLKG2IFM,2026-08-16,order_330WAnsBYqrL5x,payment,19282.73,385.65,69.42,18827.66
setl_LEt5ia5SDkxi2R,ZHGX20POQLKG2IFM,2026-08-16,order_VQIPTFQKjHJjTP,payment,751.77,15.04,2.71,734.02
setl_LEt5ia5SDkxi2R,ZHGX20POQLKG2IFM,2026-08-16,order_d5fJyI3V22uybn,payment,4939.47,98.79,17.78,4822.90
setl_LEt5ia5SDkxi2R,ZHGX20POQLKG2IFM,2026-08-16,order_eEevhJSZ8a5HPc,payment,2443.26,48.87,8.80,2385.59
setl_LEt5ia5SDkxi2R,ZHGX20POQLKG2IFM,2026-08-16,order_iw5YHL6ULFU09p,payment,1775.28,35.51,6.39,1733.38
setl_LEt5ia5SDkxi2R,ZHGX20POQLKG2IFM,2026-08-16,order_jSg0TTDTlxlTKd,payment,4340.38,86.81,15.63,4237.94
setl_2La2f7dvPu8Jms,VM4SPTNYBRMW0ET6,2026-08-17,order_77qQIhyyMukHTU,payment,1279.55,25.59,4.61,1249.35
setl_2La2f7dvPu8Jms,VM4SPTNYBRMW0ET6,2026-08-17,order_8Bnhe8djk4XjNv,payment,1848.64,36.97,6.65,1805.02
setl_2La2f7dvPu8Jms,VM4SPTNYBRMW0ET6,2026-08-17,order_9A5KAxpopqON0p,payment,1891.44,37.83,6.81,1846.80
setl_2La2f7dvPu8Jms,VM4SPTNYBRMW0ET6,2026-08-17,order_E4pqxfQKuIBlPy,payment,52120.12,1042.40,187.63,50890.09
setl_2La2f7dvPu8Jms,VM4SPTNYBRMW0ET6,2026-08-17,order_FU0Sn5Kw1fmP3s,payment,1977.04,39.54,7.12,1930.38
setl_2La2f7dvPu8Jms,VM4SPTNYBRMW0ET6,2026-08-17,order_FkDza8AsMXPsFJ,payment,35089.32,701.79,126.32,34261.21
setl_2La2f7dvPu8Jms,VM4SPTNYBRMW0ET6,2026-08-17,order_U5d0RJJhQ4G9V0,payment,1120.40,22.41,4.03,1093.96
setl_2La2f7dvPu8Jms,VM4SPTNYBRMW0ET6,2026-08-17,order_Ujao9rItHIHu8Z,payment,3718.29,74.37,13.39,3630.53
setl_2La2f7dvPu8Jms,VM4SPTNYBRMW0ET6,2026-08-17,order_XqkHhKac6J9Ltx,payment,3778.38,75.57,13.60,3689.21
setl_2La2f7dvPu8Jms,VM4SPTNYBRMW0ET6,2026-08-17,order_YQRvUaoDfoIb6v,payment,3372.35,67.45,12.14,3292.76
setl_2La2f7dvPu8Jms,VM4SPTNYBRMW0ET6,2026-08-17,order_eDubl77Az4jMwE,payment,4048.45,80.97,14.57,3952.91
setl_2La2f7dvPu8Jms,VM4SPTNYBRMW0ET6,2026-08-17,order_lVEL4qtuS6WCFC,payment,37003.04,740.06,133.21,36129.77
setl_2La2f7dvPu8Jms,VM4SPTNYBRMW0ET6,2026-08-17,order_spSpl3HaGDOvgE,payment,4530.43,90.61,16.31,4423.51
setl_qt3o3AD4jWBi0P,9OEQSMY180SGCSOI,2026-08-18,order_0Y2DYJTMBzbgXw,payment,473.25,9.47,1.70,462.08
setl_qt3o3AD4jWBi0P,9OEQSMY180SGCSOI,2026-08-18,order_51PM4isrUiH3GP,payment,2317.73,46.35,8.34,2263.04
setl_qt3o3AD4jWBi0P,9OEQSMY180SGCSOI,2026-08-18,order_5dc4bBD8DaUmVZ,payment,3367.18,67.34,12.12,3287.72
setl_qt3o3AD4jWBi0P,9OEQSMY180SGCSOI,2026-08-18,order_AinlfNTwexUH7c,payment,3277.95,65.56,11.80,3200.59
setl_qt3o3AD4jWBi0P,9OEQSMY180SGCSOI,2026-08-18,order_IsADLX7w3wIObz,payment,2859.76,57.20,10.30,2792.26
setl_qt3o3AD4jWBi0P,9OEQSMY180SGCSOI,2026-08-18,order_MgqKAggoNtYJBJ,payment,39213.48,784.27,141.17,38288.04
setl_qt3o3AD4jWBi0P,9OEQSMY180SGCSOI,2026-08-18,order_azSrqd8vLs8Wh7,payment,4553.50,91.07,16.39,4446.04
setl_qt3o3AD4jWBi0P,9OEQSMY180SGCSOI,2026-08-18,order_bhu4wwRJz7dxG5,payment,3178.62,63.57,11.44,3103.61
setl_qt3o3AD4jWBi0P,9OEQSMY180SGCSOI,2026-08-18,order_clMeOdV6tVwx34,payment,4067.10,81.34,14.64,3971.12
setl_qt3o3AD4jWBi0P,9OEQSMY180SGCSOI,2026-08-18,order_puZHAezSROBDfJ,payment,39157.09,783.14,140.97,38232.98
setl_qt3o3AD4jWBi0P,9OEQSMY180SGCSOI,2026-08-18,order_qjpYbXpsJAGBl4,payment,2913.52,58.27,10.49,2844.76
setl_qt3o3AD4jWBi0P,9OEQSMY180SGCSOI,2026-08-18,order_sooQjTudqWaSaT,payment,3257.01,65.14,11.73,3180.14
setl_qt3o3AD4jWBi0P,9OEQSMY180SGCSOI,2026-08-18,order_sytBpqyaFbjLXD,payment,3312.43,66.25,11.93,3234.25
setl_qt3o3AD4jWBi0P,9OEQSMY180SGCSOI,2026-08-18,order_tDuFUCMvoJLlhA,payment,2626.84,52.54,9.46,2564.84
setl_YQMtv1V80RoB2R,8KQ3MKMVL4WCRD8I,2026-08-19,order_0ScS1siVflxggp,payment,3911.22,78.22,14.08,3818.92
setl_YQMtv1V80RoB2R,8KQ3MKMVL4WCRD8I,2026-08-19,order_4oTabu4EXP8nCk,payment,3615.03,72.30,13.01,3529.72
setl_YQMtv1V80RoB2R,8KQ3MKMVL4WCRD8I,2026-08-19,order_Fcry2OmgxlHfci,payment,3923.17,78.46,14.12,3830.59
setl_YQMtv1V80RoB2R,8KQ3MKMVL4WCRD8I,2026-08-19,order_HRhFBVrDOWxyQA,payment,1043.35,20.87,3.76,1018.72
setl_YQMtv1V80RoB2R,8KQ3MKMVL4WCRD8I,2026-08-19,order_HbXXxeAGnYTJGc,payment,39720.95,794.42,143.00,38783.53
setl_YQMtv1V80RoB2R,8KQ3MKMVL4WCRD8I,2026-08-19,order_QVNY1J5QJCJZDk,payment,809.87,16.20,2.92,790.75
setl_YQMtv1V80RoB2R,8KQ3MKMVL4WCRD8I,2026-08-19,order_S1eXuZoauzcaYp,payment,3442.04,68.84,12.39,3360.81
setl_YQMtv1V80RoB2R,8KQ3MKMVL4WCRD8I,2026-08-19,order_UfbMZQtRl1lrCA,payment,671.27,13.43,2.42,655.42
setl_YQMtv1V80RoB2R,8KQ3MKMVL4WCRD8I,2026-08-19,order_Uxmk2FIW5M4L8s,payment,3140.29,62.81,11.31,3066.17
setl_YQMtv1V80RoB2R,8KQ3MKMVL4WCRD8I,2026-08-19,order_W1YmTwqhlwRbu5,payment,4717.51,94.35,16.98,4606.18
setl_YQMtv1V80RoB2R,8KQ3MKMVL4WCRD8I,2026-08-19,order_X7N6rv3CpPoynU,payment,17900.46,358.01,64.44,17478.01
setl_YQMtv1V80RoB2R,8KQ3MKMVL4WCRD8I,2026-08-19,order_Y6jTTrEruoGfYr,payment,1555.47,31.11,5.60,1518.76
setl_YQMtv1V80RoB2R,8KQ3MKMVL4WCRD8I,2026-08-19,order_jvgDiUwGMm859x,payment,586.71,11.73,2.11,572.87
setl_YQMtv1V80RoB2R,8KQ3MKMVL4WCRD8I,2026-08-19,order_moRAhb4cj7xF03,payment,3747.14,74.94,13.49,3658.71
setl_YQMtv1V80RoB2R,8KQ3MKMVL4WCRD8I,2026-08-19,order_qEl00XEg9daLKo,payment,2553.52,51.07,9.19,2493.26
setl_YQMtv1V80RoB2R,8KQ3MKMVL4WCRD8I,2026-08-19,order_snSHEperKnFSoT,payment,4070.79,81.42,14.66,3974.71
setl_YQMtv1V80RoB2R,8KQ3MKMVL4WCRD8I,2026-08-19,order_vXwFadMQkPgi0Z,payment,50917.21,1018.34,183.30,49715.57
setl_YQMtv1V80RoB2R,8KQ3MKMVL4WCRD8I,2026-08-19,order_wmdpi4N7nSlXk3,payment,3024.84,60.50,10.89,2953.45
setl_pU5KBVKQkDg5eT,LWSHCJSQ2PKNBSG2,2026-08-20,order_3o2ubDnNIyT4jw,payment,1192.28,23.85,4.29,1164.14
setl_pU5KBVKQkDg5eT,LWSHCJSQ2PKNBSG2,2026-08-20,order_6ER5zVGoKWOyjQ,payment,2265.94,45.32,8.16,2212.46
setl_pU5KBVKQkDg5eT,LWSHCJSQ2PKNBSG2,2026-08-20,order_A3ld7iqCj51v8d,payment,49198.77,983.98,177.12,48037.67
setl_pU5KBVKQkDg5eT,LWSHCJSQ2PKNBSG2,2026-08-20,order_EGRQ3t3rImSgwy,payment,3017.56,60.35,10.86,2946.35
setl_pU5KBVKQkDg5eT,LWSHCJSQ2PKNBSG2,2026-08-20,order_MF9KUKuRyQixbo,payment,1819.27,36.39,6.55,1776.33
setl_pU5KBVKQkDg5eT,LWSHCJSQ2PKNBSG2,2026-08-20,order_QBSEDP6LyAYUys,payment,5345.36,106.91,19.24,5219.21
setl_pU5KBVKQkDg5eT,LWSHCJSQ2PKNBSG2,2026-08-20,order_bpuu0dC9PMJENa,payment,3709.49,74.19,13.35,3621.95
setl_pU5KBVKQkDg5eT,LWSHCJSQ2PKNBSG2,2026-08-20,order_fp4YBiLhRNuQ4t,payment,1712.45,34.25,6.17,1672.03
setl_pU5KBVKQkDg5eT,LWSHCJSQ2PKNBSG2,2026-08-20,order_hPLveOuJNJPCaS,payment,4779.20,95.58,17.20,4666.42
setl_pU5KBVKQkDg5eT,LWSHCJSQ2PKNBSG2,2026-08-20,order_myeTY9lisaPj54,payment,29320.73,586.41,105.55,28628.77
setl_pU5KBVKQkDg5eT,LWSHCJSQ2PKNBSG2,2026-08-20,order_pDEdV0fKfw4AAz,payment,2507.89,50.16,9.03,2448.70
setl_pU5KBVKQkDg5eT,LWSHCJSQ2PKNBSG2,2026-08-20,order_tC8iintCDgJpnZ,payment,3242.78,64.86,11.67,3166.25
setl_pU5KBVKQkDg5eT,LWSHCJSQ2PKNBSG2,2026-08-20,order_tcgUDJkCdtZCIA,payment,2058.93,41.18,7.41,2010.34
setl_pU5KBVKQkDg5eT,LWSHCJSQ2PKNBSG2,2026-08-20,order_tgTLiJdUhbOvRq,payment,2350.50,47.01,8.46,2295.03
setl_pU5KBVKQkDg5eT,LWSHCJSQ2PKNBSG2,2026-08-20,order_vcqIhrVPuLMCr1,payment,1106.10,22.12,3.98,1080.00
setl_pU5KBVKQkDg5eT,LWSHCJSQ2PKNBSG2,2026-08-20,order_xpeKskvlxnrlTu,payment,1374.42,27.49,4.95,1341.98
setl_R6FEe29GiXusYN,FVHZS2YZ3FBWKDHC,2026-08-21,order_7MRzvtCtLBsbiQ,payment,2221.66,44.43,8.00,2169.23
setl_R6FEe29GiXusYN,FVHZS2YZ3FBWKDHC,2026-08-21,order_Dq1mbnR0Dix6a9,payment,32366.14,647.32,116.52,31602.30
setl_R6FEe29GiXusYN,FVHZS2YZ3FBWKDHC,2026-08-21,order_Gvl5twKRnM4LTk,payment,398.63,7.97,1.43,389.23
setl_R6FEe29GiXusYN,FVHZS2YZ3FBWKDHC,2026-08-21,order_Pr2mmQc12t66qS,payment,2117.61,42.35,7.62,2067.64
setl_R6FEe29GiXusYN,FVHZS2YZ3FBWKDHC,2026-08-21,order_Z2l8qIRo8yfmnG,payment,3967.36,79.35,14.28,3873.73
setl_R6FEe29GiXusYN,FVHZS2YZ3FBWKDHC,2026-08-21,order_ZSHlgaFSL9XbZV,payment,4399.91,88.00,15.84,4296.07
setl_R6FEe29GiXusYN,FVHZS2YZ3FBWKDHC,2026-08-21,order_cAECNAfdnRind6,payment,520.47,10.41,1.87,508.19
setl_R6FEe29GiXusYN,FVHZS2YZ3FBWKDHC,2026-08-21,order_eHr8mngVGvsg7K,payment,1134.59,22.69,4.08,1107.82
setl_R6FEe29GiXusYN,FVHZS2YZ3FBWKDHC,2026-08-21,order_ebaiesSp6TMeDQ,payment,3322.94,66.46,11.96,3244.52
setl_R6FEe29GiXusYN,FVHZS2YZ3FBWKDHC,2026-08-21,order_jyRXUqoBhUnRca,payment,3910.82,78.22,14.08,3818.52
setl_R6FEe29GiXusYN,FVHZS2YZ3FBWKDHC,2026-08-21,order_mmMNWhCYA86EBb,payment,472.67,9.45,1.70,461.52
setl_R6FEe29GiXusYN,FVHZS2YZ3FBWKDHC,2026-08-21,order_nWJPogjdzzKvWb,payment,4131.03,82.62,14.87,4033.54
setl_R6FEe29GiXusYN,FVHZS2YZ3FBWKDHC,2026-08-21,order_Gvl5twKRnM4LTk,refund,-398.63,-7.97,-1.43,-389.23
setl_JRst2gNdpufuGe,205RNQ8MRHFO1LNN,2026-08-22,order_4rOItVIILpXWaC,payment,4507.60,90.15,16.23,4401.22
setl_JRst2gNdpufuGe,205RNQ8MRHFO1LNN,2026-08-22,order_5eBBwWP2stgp6g,payment,759.14,15.18,2.73,741.23
setl_JRst2gNdpufuGe,205RNQ8MRHFO1LNN,2026-08-22,order_7LWSq0qm86H1PD,payment,51652.74,1033.05,185.95,50433.74
setl_JRst2gNdpufuGe,205RNQ8MRHFO1LNN,2026-08-22,order_AZ4s8DZ2dBiyWi,payment,4206.25,84.13,15.14,4106.98
setl_JRst2gNdpufuGe,205RNQ8MRHFO1LNN,2026-08-22,order_C4MzlJrV3cLzbW,payment,3801.80,76.04,13.69,3712.07
setl_JRst2gNdpufuGe,205RNQ8MRHFO1LNN,2026-08-22,order_LZJjSGAGzK4VMT,payment,1690.33,33.81,6.09,1650.43
setl_JRst2gNdpufuGe,205RNQ8MRHFO1LNN,2026-08-22,order_Qsf1pHdYPkfOhb,payment,2805.61,56.11,10.10,2739.40
setl_JRst2gNdpufuGe,205RNQ8MRHFO1LNN,2026-08-22,order_RAomWmQbH8eALK,payment,2941.08,58.82,10.59,2871.67
setl_JRst2gNdpufuGe,205RNQ8MRHFO1LNN,2026-08-22,order_V1eHr5NOBY4LX4,payment,535.50,10.71,1.93,522.86
setl_JRst2gNdpufuGe,205RNQ8MRHFO1LNN,2026-08-22,order_XyPwaNumEZYw2h,payment,2813.37,56.27,10.13,2746.97
setl_JRst2gNdpufuGe,205RNQ8MRHFO1LNN,2026-08-22,order_aU5Fomvn21N11F,payment,4538.37,90.77,16.34,4431.26
setl_JRst2gNdpufuGe,205RNQ8MRHFO1LNN,2026-08-22,order_g7vXzrnOAJavff,payment,44742.45,894.85,161.07,43686.53
setl_JRst2gNdpufuGe,205RNQ8MRHFO1LNN,2026-08-22,order_m88aAaCgNYno1b,payment,2576.07,51.52,9.27,2515.28
setl_JRst2gNdpufuGe,205RNQ8MRHFO1LNN,2026-08-22,order_mimWOS4axwA4fD,payment,2396.22,47.92,8.63,2339.67
setl_JRst2gNdpufuGe,205RNQ8MRHFO1LNN,2026-08-22,order_oJXz0NKIPrBKp3,payment,693.00,13.86,2.49,676.65
setl_JRst2gNdpufuGe,205RNQ8MRHFO1LNN,2026-08-22,order_tyqbI8Q1cNsdWa,payment,5237.68,104.75,18.86,5114.07
setl_U181DCB6q4UnNs,EF6K0769APEXHA43,2026-08-23,order_6xNjrPsxf5e4ZE,payment,1258.59,25.17,4.53,1228.89
setl_U181DCB6q4UnNs,EF6K0769APEXHA43,2026-08-23,order_8eDmfnGcdoS7yt,payment,1283.22,25.66,4.62,1252.94
setl_U181DCB6q4UnNs,EF6K0769APEXHA43,2026-08-23,order_FHIKR5XQzrFVHU,payment,11370.43,227.41,40.93,11102.09
setl_U181DCB6q4UnNs,EF6K0769APEXHA43,2026-08-23,order_Nz4mRBqNG2t6d4,payment,3506.14,70.12,12.62,3423.40
setl_U181DCB6q4UnNs,EF6K0769APEXHA43,2026-08-23,order_PFMUp2vEAW73Tf,payment,1288.12,25.76,4.64,1257.72
setl_U181DCB6q4UnNs,EF6K0769APEXHA43,2026-08-23,order_hqe7ttyT8s8GtP,payment,2714.99,54.30,9.77,2650.92
setl_U181DCB6q4UnNs,EF6K0769APEXHA43,2026-08-23,order_ip3djPZ3s39H0B,payment,1736.13,34.72,6.25,1695.16
setl_U181DCB6q4UnNs,EF6K0769APEXHA43,2026-08-23,order_n1KB63J2qU7gma,payment,2360.65,47.21,8.50,2304.94
setl_U181DCB6q4UnNs,EF6K0769APEXHA43,2026-08-23,order_omtQ2tofJiW5OJ,payment,1440.96,28.82,5.19,1406.95
setl_U181DCB6q4UnNs,EF6K0769APEXHA43,2026-08-23,order_pNGk5gLRyW59YU,payment,2924.26,58.49,10.53,2855.24
setl_U181DCB6q4UnNs,EF6K0769APEXHA43,2026-08-23,order_q9Gayrhvy9IVcM,payment,4688.32,93.77,16.88,4577.67
setl_U181DCB6q4UnNs,EF6K0769APEXHA43,2026-08-23,order_tCcQLUq4Vc9CvG,payment,1894.28,37.89,6.82,1849.57
setl_U181DCB6q4UnNs,EF6K0769APEXHA43,2026-08-23,order_yZsThE2hD01pM4,payment,1872.60,37.45,6.74,1828.41
setl_WBf7SXu25Utgxl,XDD9WAM5BWTOLLIZ,2026-08-24,order_5eglUrSREdQ4CW,payment,4644.40,92.89,16.72,4534.79
setl_WBf7SXu25Utgxl,XDD9WAM5BWTOLLIZ,2026-08-24,order_E6VdvvBoWfK8IC,payment,4279.69,85.59,15.41,4178.69
setl_WBf7SXu25Utgxl,XDD9WAM5BWTOLLIZ,2026-08-24,order_FM6vbTcP6vqwgp,payment,2024.82,40.50,7.29,1977.03
setl_WBf7SXu25Utgxl,XDD9WAM5BWTOLLIZ,2026-08-24,order_LX9JlTEVhgXMi0,payment,906.38,18.13,3.26,884.99
setl_WBf7SXu25Utgxl,XDD9WAM5BWTOLLIZ,2026-08-24,order_U6WxLnzgeh7YAH,payment,4460.13,89.20,16.06,4354.87
setl_WBf7SXu25Utgxl,XDD9WAM5BWTOLLIZ,2026-08-24,order_ZH6huAvpc5ESGR,payment,4191.89,83.84,15.09,4092.96
setl_WBf7SXu25Utgxl,XDD9WAM5BWTOLLIZ,2026-08-24,order_fHOoh9NmvK1pi2,payment,19727.02,394.54,71.02,19261.46
setl_WBf7SXu25Utgxl,XDD9WAM5BWTOLLIZ,2026-08-24,order_fcJuoF2LaE3gq5,payment,4700.35,94.01,16.92,4589.42
setl_WBf7SXu25Utgxl,XDD9WAM5BWTOLLIZ,2026-08-24,order_flC2KYCV4dwKRG,payment,1365.28,27.31,4.92,1333.05
setl_WBf7SXu25Utgxl,XDD9WAM5BWTOLLIZ,2026-08-24,order_hViWzkJbAXAy4M,payment,3836.26,76.73,13.81,3745.72
setl_WBf7SXu25Utgxl,XDD9WAM5BWTOLLIZ,2026-08-24,order_k7vbIEEZwxEXRH,payment,3371.22,67.42,12.14,3291.66
setl_WBf7SXu25Utgxl,XDD9WAM5BWTOLLIZ,2026-08-24,order_ottuApSaCBxaaB,payment,3449.90,69.00,12.42,3368.48
setl_WBf7SXu25Utgxl,XDD9WAM5BWTOLLIZ,2026-08-24,order_vJ5moX49KEivWB,payment,488.43,9.77,1.76,476.90
setl_WBf7SXu25Utgxl,XDD9WAM5BWTOLLIZ,2026-08-24,order_wsskpuPlUflLdU,payment,594.87,11.90,2.14,580.83
setl_WBf7SXu25Utgxl,XDD9WAM5BWTOLLIZ,2026-08-24,order_xiB2HBR2TtTXJl,payment,1312.75,26.26,4.73,1281.76
setl_1rTuSqcQD8XyeP,A1JMOJL2ASJ3GPCB,2026-08-25,order_0aca8U0I3oG6tf,payment,4357.07,87.14,15.69,4254.24
setl_1rTuSqcQD8XyeP,A1JMOJL2ASJ3GPCB,2026-08-25,order_5JgSKYrq3rcQrj,payment,3134.70,62.69,11.28,3060.73
setl_1rTuSqcQD8XyeP,A1JMOJL2ASJ3GPCB,2026-08-25,order_6rF6RMocUcZRT7,payment,3557.13,71.14,12.81,3473.18
setl_1rTuSqcQD8XyeP,A1JMOJL2ASJ3GPCB,2026-08-25,order_EPr6HtnAbPcxXe,payment,2029.24,40.58,7.30,1981.36
setl_1rTuSqcQD8XyeP,A1JMOJL2ASJ3GPCB,2026-08-25,order_JDV230l19YmMg0,payment,3678.27,73.57,13.24,3591.46
setl_1rTuSqcQD8XyeP,A1JMOJL2ASJ3GPCB,2026-08-25,order_OlqruSn0f1huqA,payment,4490.69,89.81,16.17,4384.71
setl_1rTuSqcQD8XyeP,A1JMOJL2ASJ3GPCB,2026-08-25,order_TTbiM00HwYDqQp,payment,4482.24,89.64,16.14,4376.46
setl_1rTuSqcQD8XyeP,A1JMOJL2ASJ3GPCB,2026-08-25,order_YNHYOxTqmTXmpi,payment,1122.75,22.46,4.04,1096.25
setl_1rTuSqcQD8XyeP,A1JMOJL2ASJ3GPCB,2026-08-25,order_jqNDMrmif2nERO,payment,57318.86,1146.38,206.35,55966.13
setl_1rTuSqcQD8XyeP,A1JMOJL2ASJ3GPCB,2026-08-25,order_l3xeGKKTDuQzqK,payment,4948.12,98.96,17.81,4831.35
setl_1rTuSqcQD8XyeP,A1JMOJL2ASJ3GPCB,2026-08-25,order_pb5m0s5XkKQgY9,payment,4787.30,95.75,17.24,4674.31
setl_1rTuSqcQD8XyeP,A1JMOJL2ASJ3GPCB,2026-08-25,order_pdoU5tGkwFWQuA,payment,4276.09,85.52,15.39,4175.18
setl_1rTuSqcQD8XyeP,A1JMOJL2ASJ3GPCB,2026-08-25,order_qe7K5Y82JpFyTU,payment,1907.76,38.16,6.87,1862.73
setl_7KSKm5fGsECGNI,OK31T036G346QPSS,2026-08-26,order_0iItgCpJBg28Tk,payment,1055.49,21.11,3.80,1030.58
setl_7KSKm5fGsECGNI,OK31T036G346QPSS,2026-08-26,order_4ZHQctQzafrPHO,payment,1716.17,34.32,6.18,1675.67
setl_7KSKm5fGsECGNI,OK31T036G346QPSS,2026-08-26,order_GumPWBrBtGNEev,payment,318.33,6.37,1.15,310.81
setl_7KSKm5fGsECGNI,OK31T036G346QPSS,2026-08-26,order_IWXrovzZs4OxN3,payment,5782.18,115.64,20.82,5645.72
setl_7KSKm5fGsECGNI,OK31T036G346QPSS,2026-08-26,order_Va3TIRj1ysZ5Qs,payment,48135.74,962.71,173.29,46999.74
setl_7KSKm5fGsECGNI,OK31T036G346QPSS,2026-08-26,order_Y1tWyrEh8XmmOp,payment,691.43,13.83,2.49,675.11
setl_7KSKm5fGsECGNI,OK31T036G346QPSS,2026-08-26,order_ZfvmG3lnLhFay0,payment,440.58,8.81,1.59,430.18
setl_7KSKm5fGsECGNI,OK31T036G346QPSS,2026-08-26,order_eBX9kBhawWQY0q,payment,4196.21,83.92,15.11,4097.18
setl_7KSKm5fGsECGNI,OK31T036G346QPSS,2026-08-26,order_edy4AQ5FxitZb1,payment,2350.77,47.02,8.46,2295.29
setl_7KSKm5fGsECGNI,OK31T036G346QPSS,2026-08-26,order_fN0mRB88R9kRsX,payment,27612.69,552.25,99.41,26961.03
setl_7KSKm5fGsECGNI,OK31T036G346QPSS,2026-08-26,order_kbbZsDWJrp3dZg,payment,3051.27,61.03,10.99,2979.25
setl_7KSKm5fGsECGNI,OK31T036G346QPSS,2026-08-26,order_mImT2wzX3kAiwb,payment,2605.53,52.11,9.38,2544.04
setl_7KSKm5fGsECGNI,OK31T036G346QPSS,2026-08-26,order_miOum7M8vMrrJm,payment,4805.64,96.11,17.30,4692.23
setl_7KSKm5fGsECGNI,OK31T036G346QPSS,2026-08-26,order_yL9GzHzNMt8N9a,payment,3260.25,65.21,11.74,3183.30
setl_g75JNtutpqi0pf,U3R2ELQANJEGG9J9,2026-08-27,order_1HMHezP8iaHVS0,payment,3746.39,74.93,13.49,3657.97
setl_g75JNtutpqi0pf,U3R2ELQANJEGG9J9,2026-08-27,order_4oJUFX2JL2mMNo,payment,2684.26,53.69,9.66,2620.91
setl_g75JNtutpqi0pf,U3R2ELQANJEGG9J9,2026-08-27,order_hSlC30CMgIAxgy,payment,1091.15,21.82,3.93,1065.40
setl_g75JNtutpqi0pf,U3R2ELQANJEGG9J9,2026-08-27,order_kcmgxmtE99djNw,payment,3435.35,68.71,12.37,3354.27
setl_g75JNtutpqi0pf,U3R2ELQANJEGG9J9,2026-08-27,order_vZNeDVHEKh78Fl,payment,3522.88,70.46,12.68,3439.74
setl_B8dxY8chAXhsjD,BX4I8WDOYK042ET8,2026-08-28,order_4tsmwT0GDfojT3,payment,2843.42,56.87,10.24,2776.31
setl_B8dxY8chAXhsjD,BX4I8WDOYK042ET8,2026-08-28,order_HaFvg6r1Vfpguf,payment,3539.86,70.80,12.74,3456.32
setl_B8dxY8chAXhsjD,BX4I8WDOYK042ET8,2026-08-28,order_NsPXC295vXwxXy,payment,2459.12,49.18,8.85,2401.09
setl_B8dxY8chAXhsjD,BX4I8WDOYK042ET8,2026-08-28,order_Y6NqYwcsmtPbm6,payment,1798.07,35.96,6.47,1755.64
setl_B8dxY8chAXhsjD,BX4I8WDOYK042ET8,2026-08-28,order_cUK8T7ZjLYcwpd,payment,517.56,10.35,1.86,505.35
setl_B8dxY8chAXhsjD,BX4I8WDOYK042ET8,2026-08-28,order_ddSvKpfUKCARoO,payment,337.95,6.76,1.22,329.97
setl_B8dxY8chAXhsjD,BX4I8WDOYK042ET8,2026-08-28,order_juEZ7UPa2Jxe5z,payment,3227.30,64.55,11.62,3151.13
setl_B8dxY8chAXhsjD,BX4I8WDOYK042ET8,2026-08-28,order_oXdDCq6QWdMh1K,payment,2559.23,51.18,9.21,2498.84
setl_B8dxY8chAXhsjD,BX4I8WDOYK042ET8,2026-08-28,order_P6luf1zuCM18l3,payment,2000.00,40.00,7.20,1952.80
setl_vf29C2QEy6iZFW,8BFQ3L8HG14ZC4Q0,2026-08-29,order_6WUdaXCp1oV5Iz,payment,1251.94,25.04,4.51,1222.39
setl_vf29C2QEy6iZFW,8BFQ3L8HG14ZC4Q0,2026-08-29,order_8NqhzpNnjfxLr4,payment,3007.59,60.15,10.83,2936.61
setl_vf29C2QEy6iZFW,8BFQ3L8HG14ZC4Q0,2026-08-29,order_8P1WuHhmNKINX4,payment,3141.86,62.84,11.31,3067.71
setl_vf29C2QEy6iZFW,8BFQ3L8HG14ZC4Q0,2026-08-29,order_99nKvXKcpnWnl7,payment,448.51,8.97,1.61,437.93
setl_vf29C2QEy6iZFW,8BFQ3L8HG14ZC4Q0,2026-08-29,order_9ZDQJNARdAFrxS,payment,344.12,6.88,1.24,336.00
setl_vf29C2QEy6iZFW,8BFQ3L8HG14ZC4Q0,2026-08-29,order_CxWsWEyT6cSXfB,payment,2660.15,53.20,9.58,2597.37
setl_vf29C2QEy6iZFW,8BFQ3L8HG14ZC4Q0,2026-08-29,order_IDTu6721i98wQs,payment,2850.68,57.01,10.26,2783.41
setl_vf29C2QEy6iZFW,8BFQ3L8HG14ZC4Q0,2026-08-29,order_L0RzwggfZqKn6B,payment,10561.15,211.22,38.02,10311.91
setl_vf29C2QEy6iZFW,8BFQ3L8HG14ZC4Q0,2026-08-29,order_Onz05MJUV5jtun,payment,3294.48,65.89,11.86,3216.73
setl_vf29C2QEy6iZFW,8BFQ3L8HG14ZC4Q0,2026-08-29,order_P3EcfqwyY6fa6X,payment,4304.53,86.09,15.50,4202.94
setl_vf29C2QEy6iZFW,8BFQ3L8HG14ZC4Q0,2026-08-29,order_QvgMJVIJwip8Tb,payment,1045.10,20.90,3.76,1020.44
setl_vf29C2QEy6iZFW,8BFQ3L8HG14ZC4Q0,2026-08-29,order_j1pMKxyhz0JWjL,payment,842.39,16.85,3.03,822.51
setl_vf29C2QEy6iZFW,8BFQ3L8HG14ZC4Q0,2026-08-29,order_tjr9FyuBq2RAxs,payment,1586.36,31.73,5.71,1548.92
setl_vf29C2QEy6iZFW,8BFQ3L8HG14ZC4Q0,2026-08-29,order_u0Ko9ZTWGst0aU,payment,1206.26,24.13,4.34,1177.79
setl_vf29C2QEy6iZFW,8BFQ3L8HG14ZC4Q0,2026-08-29,order_vBCL8K2UOieQRt,payment,56176.56,1123.53,202.24,54850.79
setl_vf29C2QEy6iZFW,8BFQ3L8HG14ZC4Q0,2026-08-29,order_zxqAcgJgskIvO3,payment,1490.93,29.82,5.37,1455.74
setl_nIJ68elM4LpHJu,1MUSPM6O2OZMLIEP,2026-08-30,order_1GqagOfPBzLjDp,payment,4753.65,95.07,17.11,4641.47
setl_nIJ68elM4LpHJu,1MUSPM6O2OZMLIEP,2026-08-30,order_7TCUj2GMGfGW5S,payment,2246.07,44.92,8.09,2193.06
setl_nIJ68elM4LpHJu,1MUSPM6O2OZMLIEP,2026-08-30,order_F6RDx9TDnxqnaF,payment,4238.80,84.78,15.26,4138.76
setl_nIJ68elM4LpHJu,1MUSPM6O2OZMLIEP,2026-08-30,order_LU8f8j9nX29Ipg,payment,1763.99,35.28,6.35,1722.36
setl_nIJ68elM4LpHJu,1MUSPM6O2OZMLIEP,2026-08-30,order_M89wOhKFFbitw5,payment,271.12,5.42,0.98,264.72
setl_nIJ68elM4LpHJu,1MUSPM6O2OZMLIEP,2026-08-30,order_N4SZnwX7Akr2E4,payment,37167.76,743.36,133.80,36290.60
setl_nIJ68elM4LpHJu,1MUSPM6O2OZMLIEP,2026-08-30,order_NoET9SaHPD8ERv,payment,3773.84,75.48,13.59,3684.77
setl_nIJ68elM4LpHJu,1MUSPM6O2OZMLIEP,2026-08-30,order_OH4chrYH8Gtac5,payment,2198.60,43.97,7.91,2146.72
setl_nIJ68elM4LpHJu,1MUSPM6O2OZMLIEP,2026-08-30,order_QcB2qUwaCNaSo8,payment,1898.96,37.98,6.84,1854.14
setl_nIJ68elM4LpHJu,1MUSPM6O2OZMLIEP,2026-08-30,order_Qjin3EQLKv8azo,payment,223.39,4.47,0.80,218.12
setl_nIJ68elM4LpHJu,1MUSPM6O2OZMLIEP,2026-08-30,order_Rx9j6z9Mwsf0ae,payment,3357.96,67.16,12.09,3278.71
setl_nIJ68elM4LpHJu,1MUSPM6O2OZMLIEP,2026-08-30,order_TlRF76qZoItEn1,payment,4707.93,94.16,16.95,4596.82
setl_nIJ68elM4LpHJu,1MUSPM6O2OZMLIEP,2026-08-30,order_WTAMoMlu2M1Qjl,payment,54240.69,1084.81,195.27,52960.61
setl_nIJ68elM4LpHJu,1MUSPM6O2OZMLIEP,2026-08-30,order_oWXn6YYIxEcfTX,payment,1531.77,30.64,5.52,1495.61
setl_nIJ68elM4LpHJu,1MUSPM6O2OZMLIEP,2026-08-30,order_sVjZryk03w8GGz,payment,1659.39,33.19,5.97,1620.23
setl_jdaru1ht9z5tTc,NQQ2T7IEGY6467GS,2026-08-31,order_0KZU6KGFPvsQri,payment,350.13,7.00,1.26,341.87
setl_jdaru1ht9z5tTc,NQQ2T7IEGY6467GS,2026-08-31,order_E6L8tisdljsuZS,payment,3145.39,62.91,11.32,3071.16
setl_jdaru1ht9z5tTc,NQQ2T7IEGY6467GS,2026-08-31,order_F6BJSHDSE1F3ND,payment,3919.67,78.39,14.11,3827.17
setl_jdaru1ht9z5tTc,NQQ2T7IEGY6467GS,2026-08-31,order_Fm5ibqyUjGpsW0,payment,2129.91,42.60,7.67,2079.64
setl_jdaru1ht9z5tTc,NQQ2T7IEGY6467GS,2026-08-31,order_GOJOmaSexv02fz,payment,3028.27,60.57,10.90,2956.80
setl_jdaru1ht9z5tTc,NQQ2T7IEGY6467GS,2026-08-31,order_LDShT0kIkmRUFt,payment,312.97,6.26,1.13,305.58
setl_jdaru1ht9z5tTc,NQQ2T7IEGY6467GS,2026-08-31,order_UKqNGADtoAxWS8,payment,983.35,19.67,3.54,960.14
setl_jdaru1ht9z5tTc,NQQ2T7IEGY6467GS,2026-08-31,order_XQ0z6prmaywT4s,payment,964.99,19.30,3.47,942.22
setl_jdaru1ht9z5tTc,NQQ2T7IEGY6467GS,2026-08-31,order_XjTxM53hbjKPn2,payment,2639.10,52.78,9.50,2576.82
setl_jdaru1ht9z5tTc,NQQ2T7IEGY6467GS,2026-08-31,order_ZUkas81PowxV9h,payment,1388.16,27.76,5.00,1355.40
setl_jdaru1ht9z5tTc,NQQ2T7IEGY6467GS,2026-08-31,order_aT1ONNX1ukz5rK,payment,1343.46,26.87,4.84,1311.75
setl_jdaru1ht9z5tTc,NQQ2T7IEGY6467GS,2026-08-31,order_emtKWqAfSyZDU9,payment,2602.37,52.05,9.37,2540.95
setl_jdaru1ht9z5tTc,NQQ2T7IEGY6467GS,2026-08-31,order_htJM1l6fteCy7W,payment,3085.75,61.72,11.11,3012.92
setl_jdaru1ht9z5tTc,NQQ2T7IEGY6467GS,2026-08-31,order_jcxNxUy4oVOB7h,payment,51619.19,1032.38,185.83,50400.98
setl_jdaru1ht9z5tTc,NQQ2T7IEGY6467GS,2026-08-31,order_mRpyS59FXIuTKF,payment,3567.17,71.34,12.84,3482.99
setl_jdaru1ht9z5tTc,NQQ2T7IEGY6467GS,2026-08-31,order_sw0nOWlGIRLjyH,payment,29830.53,596.61,107.39,29126.53
setl_orBAUhDlGPUXh1,GGUT02UUPY110PQJ,2026-09-01,order_1K1pZn3bprxVZ1,payment,706.15,14.12,2.54,689.49
setl_orBAUhDlGPUXh1,GGUT02UUPY110PQJ,2026-09-01,order_6DFQ0SUYbzQYrt,payment,1458.36,29.17,5.25,1423.94
setl_orBAUhDlGPUXh1,GGUT02UUPY110PQJ,2026-09-01,order_91PYzS6cE7s4PI,payment,1346.68,26.93,4.85,1314.90
setl_orBAUhDlGPUXh1,GGUT02UUPY110PQJ,2026-09-01,order_9bRxOZ44ZhmDwm,payment,702.00,14.04,2.53,685.43
setl_orBAUhDlGPUXh1,GGUT02UUPY110PQJ,2026-09-01,order_D55tYioBb8wYpO,payment,4810.29,96.21,17.32,4696.76
setl_orBAUhDlGPUXh1,GGUT02UUPY110PQJ,2026-09-01,order_HkOqsOgRB5yOaQ,payment,50029.94,1000.60,180.11,48849.23
setl_orBAUhDlGPUXh1,GGUT02UUPY110PQJ,2026-09-01,order_NITisgExcPUGzt,payment,1765.33,35.31,6.36,1723.66
setl_orBAUhDlGPUXh1,GGUT02UUPY110PQJ,2026-09-01,order_NeSGCzAgEHQXXP,payment,4010.00,80.20,14.44,3915.36
setl_orBAUhDlGPUXh1,GGUT02UUPY110PQJ,2026-09-01,order_Q9Zq8h5TN4dqxY,payment,4045.01,80.90,14.56,3949.55
setl_orBAUhDlGPUXh1,GGUT02UUPY110PQJ,2026-09-01,order_Sd9TVflfx8WPJ0,payment,2416.28,48.33,8.70,2359.25
setl_orBAUhDlGPUXh1,GGUT02UUPY110PQJ,2026-09-01,order_WzgDURRvc7w062,payment,1778.96,35.58,6.40,1736.98
setl_orBAUhDlGPUXh1,GGUT02UUPY110PQJ,2026-09-01,order_cIj8QLxL2plMA7,payment,56970.91,1139.42,205.10,55626.39
setl_orBAUhDlGPUXh1,GGUT02UUPY110PQJ,2026-09-01,order_chWpotW6vTRzds,payment,728.47,14.57,2.62,711.28
setl_orBAUhDlGPUXh1,GGUT02UUPY110PQJ,2026-09-01,order_e8HZxN35Gt6UIR,payment,3718.71,74.37,13.39,3630.95
setl_orBAUhDlGPUXh1,GGUT02UUPY110PQJ,2026-09-01,order_h0YR5MfIb24b48,payment,4453.07,89.06,16.03,4347.98
setl_orBAUhDlGPUXh1,GGUT02UUPY110PQJ,2026-09-01,order_qyNS0ylpPjogVs,payment,2285.12,45.70,8.23,2231.19
setl_orBAUhDlGPUXh1,GGUT02UUPY110PQJ,2026-09-01,order_szjZdnF2fenlr7,payment,4893.37,97.87,17.62,4777.88
setl_orBAUhDlGPUXh1,GGUT02UUPY110PQJ,2026-09-01,order_zOz8Gm7dNWha55,payment,3387.06,67.74,12.19,3307.13
setl_1wht3jNWGGbK5p,42PPN1AAQNFA60TJ,2026-09-02,order_0wAfgNIGNXBItR,payment,1305.42,26.11,4.70,1274.61
setl_1wht3jNWGGbK5p,42PPN1AAQNFA60TJ,2026-09-02,order_FVc7Cv4oQW85B7,payment,4149.68,82.99,14.94,4051.75
setl_1wht3jNWGGbK5p,42PPN1AAQNFA60TJ,2026-09-02,order_Fa0TFx5izerYVR,payment,2400.84,48.02,8.64,2344.18
setl_1wht3jNWGGbK5p,42PPN1AAQNFA60TJ,2026-09-02,order_G1p5tVzXwlZooN,payment,1516.08,30.32,5.46,1480.30
setl_1wht3jNWGGbK5p,42PPN1AAQNFA60TJ,2026-09-02,order_GYP4FazaKIcDji,payment,1491.89,29.84,5.37,1456.68
setl_1wht3jNWGGbK5p,42PPN1AAQNFA60TJ,2026-09-02,order_Ggfiks1T0rmnHH,payment,4966.60,99.33,17.88,4849.39
setl_1wht3jNWGGbK5p,42PPN1AAQNFA60TJ,2026-09-02,order_PO9xpCnhv9dI6l,payment,41023.94,820.48,147.69,40055.77
setl_1wht3jNWGGbK5p,42PPN1AAQNFA60TJ,2026-09-02,order_Q6eAV8ysFGbL0J,payment,2700.35,54.01,9.72,2636.62
setl_1wht3jNWGGbK5p,42PPN1AAQNFA60TJ,2026-09-02,order_QaUnGNxnRSD1AP,payment,2361.54,47.23,8.50,2305.81
setl_1wht3jNWGGbK5p,42PPN1AAQNFA60TJ,2026-09-02,order_SPUHs3sBKIlj4I,payment,1883.25,37.67,6.78,1838.80
setl_1wht3jNWGGbK5p,42PPN1AAQNFA60TJ,2026-09-02,order_UCvPcJAarJ7ytC,payment,47214.29,944.29,169.97,46100.03
setl_1wht3jNWGGbK5p,42PPN1AAQNFA60TJ,2026-09-02,order_gygQTw6qFAbqfP,payment,1952.62,39.05,7.03,1906.54
setl_1wht3jNWGGbK5p,42PPN1AAQNFA60TJ,2026-09-02,order_ixYKTmw7Kr2qBQ,payment,1283.15,25.66,4.62,1252.87
setl_1wht3jNWGGbK5p,42PPN1AAQNFA60TJ,2026-09-02,order_jKI1tF0fu9yaHb,payment,4179.15,83.58,15.04,4080.53
setl_1wht3jNWGGbK5p,42PPN1AAQNFA60TJ,2026-09-02,order_mUqmVKRQpE8qcu,payment,56283.27,1125.67,202.62,54954.98
setl_1wht3jNWGGbK5p,42PPN1AAQNFA60TJ,2026-09-02,order_oXgNwPFgfuLBBx,payment,786.76,15.74,2.83,768.19
setl_1wht3jNWGGbK5p,42PPN1AAQNFA60TJ,2026-09-02,order_q6eM2ftcCSCEXb,payment,1961.66,39.23,7.06,1915.37
setl_1wht3jNWGGbK5p,42PPN1AAQNFA60TJ,2026-09-02,order_xoi9xDprx3TY6r,payment,39280.21,785.60,141.41,38353.20
setl_1wht3jNWGGbK5p,42PPN1AAQNFA60TJ,2026-09-02,order_zPwik34FOXCfOs,payment,3338.47,66.77,12.02,3259.68
setl_S7XEk0BAQo02pv,93HFEENIB7RSQ84G,2026-09-03,order_EkRe6X3ImAwDll,payment,21760.11,435.20,78.34,21246.57
setl_S7XEk0BAQo02pv,93HFEENIB7RSQ84G,2026-09-03,order_EsQGldecxbNSac,payment,3872.72,77.45,13.94,3781.33
setl_S7XEk0BAQo02pv,93HFEENIB7RSQ84G,2026-09-03,order_Hn5O8Jn8Z1LYNH,payment,12879.09,257.58,46.36,12575.15
setl_S7XEk0BAQo02pv,93HFEENIB7RSQ84G,2026-09-03,order_JwwWnBFuvvQG0h,payment,744.44,14.89,2.68,726.87
setl_S7XEk0BAQo02pv,93HFEENIB7RSQ84G,2026-09-03,order_LpTytaL37cgsqU,payment,4688.00,93.76,16.88,4577.36
setl_S7XEk0BAQo02pv,93HFEENIB7RSQ84G,2026-09-03,order_YJXzjVWlWiifXd,payment,3161.73,63.23,11.38,3087.12
setl_S7XEk0BAQo02pv,93HFEENIB7RSQ84G,2026-09-03,order_fkrGK3rtLBE9ey,payment,3950.92,79.02,14.22,3857.68
setl_S7XEk0BAQo02pv,93HFEENIB7RSQ84G,2026-09-03,order_gD5i82S971VxSw,payment,581.31,11.63,2.09,567.59
setl_S7XEk0BAQo02pv,93HFEENIB7RSQ84G,2026-09-03,order_hilpjaJVj5eUgh,payment,3012.93,60.26,10.85,2941.82
setl_S7XEk0BAQo02pv,93HFEENIB7RSQ84G,2026-09-03,order_l2TWFo1yBC32uU,payment,3901.75,78.04,14.05,3809.66
setl_S7XEk0BAQo02pv,93HFEENIB7RSQ84G,2026-09-03,order_nuQIqQzoobmbYR,payment,1826.55,36.53,6.58,1783.44
setl_S7XEk0BAQo02pv,93HFEENIB7RSQ84G,2026-09-03,order_tgxURJFVuNNd54,payment,2124.04,42.48,7.65,2073.91
setl_S7XEk0BAQo02pv,93HFEENIB7RSQ84G,2026-09-03,order_wcK556dhMIkDcB,payment,951.81,19.04,3.43,929.34
setl_S7XEk0BAQo02pv,93HFEENIB7RSQ84G,2026-09-03,order_kL6cOILfN4ggjG,chargeback,-4747.60,-94.95,-17.09,-4635.56
setl_YVCImGWGUtJqf8,EYT3PG4YXSXCAWIT,2026-09-04,order_2A7wTh8buAuuez,payment,406.29,8.13,1.46,396.70
setl_YVCImGWGUtJqf8,EYT3PG4YXSXCAWIT,2026-09-04,order_2kgANqevkFuGBw,payment,14162.07,283.24,50.98,13827.85
setl_YVCImGWGUtJqf8,EYT3PG4YXSXCAWIT,2026-09-04,order_7cUsdp9fvia6bT,payment,2339.79,46.80,8.42,2284.57
setl_YVCImGWGUtJqf8,EYT3PG4YXSXCAWIT,2026-09-04,order_8zdYprqtXgPomo,payment,3640.01,72.80,13.10,3554.11
setl_YVCImGWGUtJqf8,EYT3PG4YXSXCAWIT,2026-09-04,order_Dcy7jg5sNgsrkA,payment,3756.23,75.12,13.52,3667.59
setl_YVCImGWGUtJqf8,EYT3PG4YXSXCAWIT,2026-09-04,order_HSxe6r1Q2AYAZx,payment,2071.74,41.43,7.46,2022.85
setl_YVCImGWGUtJqf8,EYT3PG4YXSXCAWIT,2026-09-04,order_OkCoupUBQcXfsi,payment,3725.70,74.51,13.41,3637.78
setl_YVCImGWGUtJqf8,EYT3PG4YXSXCAWIT,2026-09-04,order_Q5sJmWL2SyzA5t,payment,53598.52,1071.97,192.95,52333.60
setl_YVCImGWGUtJqf8,EYT3PG4YXSXCAWIT,2026-09-04,order_UpVRLrpcLnIX3G,payment,54555.07,1091.10,196.40,53267.57
setl_YVCImGWGUtJqf8,EYT3PG4YXSXCAWIT,2026-09-04,order_UshksKD4yyClQs,payment,10891.47,217.83,39.21,10634.43
setl_YVCImGWGUtJqf8,EYT3PG4YXSXCAWIT,2026-09-04,order_Y9kkFnZ5KL8Nzn,payment,2810.71,56.21,10.12,2744.38
setl_YVCImGWGUtJqf8,EYT3PG4YXSXCAWIT,2026-09-04,order_bsMtZ5GINyEEbB,payment,1352.15,27.04,4.87,1320.24
setl_YVCImGWGUtJqf8,EYT3PG4YXSXCAWIT,2026-09-04,order_cKVu4cfd0rhiAn,payment,42899.57,857.99,154.44,41887.14
setl_YVCImGWGUtJqf8,EYT3PG4YXSXCAWIT,2026-09-04,order_liOPfbwDgNfWZs,payment,6421.11,128.42,23.12,6269.57
setl_YVCImGWGUtJqf8,EYT3PG4YXSXCAWIT,2026-09-04,order_qDLPRWcHEfaVxW,payment,1709.44,34.19,6.15,1669.10
setl_YVCImGWGUtJqf8,EYT3PG4YXSXCAWIT,2026-09-04,order_qIs1M6MlAOB1pP,payment,388.83,7.78,1.40,379.65
setl_YVCImGWGUtJqf8,EYT3PG4YXSXCAWIT,2026-09-04,order_qcROnTIxeE0B3h,payment,4233.70,84.67,15.24,4133.79
