order_id,created_on,customer_id,gross,status
order_IeyFjdsxlLsmlw,2026-07-20,cust_0025,53737.68,captured
order_IrUq3DfQJo4Xoc,2026-07-20,cust_0039,375.90,captured
order_SclvccS30Y0pnA,2026-07-20,cust_0013,27355.30,captured
order_TMJMsybsDqSkFR,2026-07-20,cust_0010,2640.43,captured
order_ceWsxcgPThhBN6,2026-07-20,cust_0028,20017.29,captured
order_pstJz9G6hjwzej,2026-07-20,cust_0020,4852.69,captured
order_wABlIeoJmcziOp,2026-07-20,cust_0008,1453.41,captured
order_13xQTaNQkmgjVZ,2026-07-21,cust_0051,1158.23,captured
order_6DNa7r9hzDOTCG,2026-07-21,cust_0016,3066.41,captured
order_7M91BlE5BmHl6x,2026-07-21,cust_0007,602.90,captured
order_CBJUrgVaUO9xkN,2026-07-21,cust_0052,3215.60,captured
order_PCycAUUX7zO1E0,2026-07-21,cust_0067,4686.64,captured
order_WpDrkB6cca9W0R,2026-07-21,cust_0003,3817.48,captured
order_aGpeTlT8UHho4U,2026-07-21,cust_0061,602.80,captured
order_eFnm33zM9rBLYT,2026-07-21,cust_0039,55812.06,captured
order_jdMhTZqtSpd3e0,2026-07-21,cust_0050,2413.54,captured
order_mc9drujwKPNRsM,2026-07-21,cust_0023,13678.01,captured
order_oTYfoNKG3I6f6V,2026-07-21,cust_0083,3611.16,refunded
order_tiVcsXs6ARNXwS,2026-07-21,cust_0010,4270.89,captured
order_5Re7rnM5BZZ4OF,2026-07-22,cust_0054,46028.47,captured
order_5XeMCl6Xhl6OhH,2026-07-22,cust_0011,2790.56,captured
order_5nhpNAtBjDbO6H,2026-07-22,cust_0037,4838.21,captured
order_6dcA7nB2Byrurr,2026-07-22,cust_0029,321.82,captured
order_BAb8UzolmoXBjT,2026-07-22,cust_0065,1469.40,captured
order_EW1xhYDMuBgJ3N,2026-07-22,cust_0042,43081.68,captured
order_WPECQVq6oLtY53,2026-07-22,cust_0032,1337.37,captured
order_eGXv8La10GppnE,2026-07-22,cust_0071,951.43,captured
order_lQft9ndsUnyfrX,2026-07-22,cust_0041,56716.88,captured
order_qiDwL7G4GyTgVu,2026-07-22,cust_0017,1612.21,captured
order_uYvkVxyxydobCR,2026-07-22,cust_0035,827.43,captured
order_6sH8jcKSmWUKUC,2026-07-23,cust_0042,4112.90,captured
order_APZDUtnJG5EJUg,2026-07-23,cust_0069,44091.36,captured
order_Fi6X3zrPx7TQgj,2026-07-23,cust_0084,3313.46,captured
order_FzOSK9ocQlJeT5,2026-07-23,cust_0060,1506.28,captured
order_IjHCMrcon4n721,2026-07-23,cust_0065,4205.33,captured
order_L2GKGrNXPkR6S7,2026-07-23,cust_0045,3788.01,captured
order_XuUwt6GmAPm9cV,2026-07-23,cust_0024,3811.69,captured
order_aerveQ9etPj12O,2026-07-23,cust_0039,52545.30,captured
order_cVVNawaaF20bNo,2026-07-23,cust_0070,2213.69,captured
order_nr7X5A4OikMtUk,2026-07-23,cust_0089,1453.84,captured
order_wsfEQK8iWQ2mWc,2026-07-23,cust_0076,1489.25,captured
order_7F3v2hqo424FLm,2026-07-24,cust_0085,4802.18,captured
order_9UsXWwF7svPnki,2026-07-24,cust_0075,54769.37,captured
order_DSIQnout1gqDAi,2026-07-24,cust_0056,3071.77,captured
order_PtA0mBe0eZiomk,2026-07-24,cust_0060,778.29,captured
order_U18xGzJeaMuCzh,2026-07-24,cust_0061,2940.88,captured
order_Uo2BtcLvab1L9Y,2026-07-24,cust_0017,3032.52,captured
order_cd8MPDSfsGPLss,2026-07-24,cust_0070,1763.19,captured
order_j7kRgyynIRSFd8,2026-07-24,cust_0076,2929.11,captured
order_jpFOAk3llhq2D1,2026-07-24,cust_0071,2102.69,captured
order_v2R1btIdLIbcQu,2026-07-24,cust_0040,313.65,captured
order_yGmKl3kZfddRaP,2026-07-24,cust_0044,3782.38,captured
order_9Ft7WTus7auGjA,2026-07-25,cust_0065,3768.45,captured
order_BXDVKMefIWDKbc,2026-07-25,cust_0045,1450.43,captured
order_CD9DxJnDtb1bOK,2026-07-25,cust_0006,2747.02,captured
order_CapjFnoGUTovra,2026-07-25,cust_0030,2724.41,captured
order_DeiHq2kG5sMIrx,2026-07-25,cust_0066,3384.69,captured
order_E3fGnh3hW7ss08,2026-07-25,cust_0013,3633.73,captured
order_HidLKSzIYp1YQ6,2026-07-25,cust_0027,4471.44,captured
order_P7OEGwNUTx7K9R,2026-07-25,cust_0016,4449.68,captured
order_SBTfrZMHfDzQ2V,2026-07-25,cust_0071,3633.23,captured
order_Xm7tFZDO4yMqW6,2026-07-25,cust_0050,4923.56,captured
order_joAKD9LYuSXYCm,2026-07-25,cust_0020,565.49,captured
order_kem5H1PPJiYtgk,2026-07-25,cust_0017,2600.16,captured
order_r1LR8AnoEf5F71,2026-07-25,cust_0067,3305.86,captured
order_xHOZqueTaxff1C,2026-07-25,cust_0048,1809.67,captured
order_yAQGSM56jl1BU2,2026-07-25,cust_0041,2139.49,captured
order_1Uqrz7HLC69UeH,2026-07-26,cust_0048,880.04,captured
order_4ZwyzITQNRkev1,2026-07-26,cust_0046,4061.50,captured
order_Ar7tGL06cvt0OE,2026-07-26,cust_0052,3891.49,captured
order_BcEIozWuvgvDGO,2026-07-26,cust_0063,1441.74,captured
order_Orh7xsEUEgZn9z,2026-07-26,cust_0002,438.38,captured
order_U4895sOms83vMt,2026-07-26,cust_0018,1333.50,captured
order_ULchvC8TRgCxen,2026-07-26,cust_0025,1636.62,captured
order_e68WdpDViDtven,2026-07-26,cust_0043,4421.77,captured
order_jbQswKciWwc9NF,2026-07-26,cust_0020,4550.62,captured
order_kUQkkLxHerm5OO,2026-07-26,cust_0073,4670.47,captured
order_nNgqt1B4typnze,2026-07-26,cust_0025,1975.78,captured
order_oT5yVNPfHHJ0GC,2026-07-26,cust_0031,3159.48,captured
order_ppacwWdoQrHL2o,2026-07-26,cust_0067,2125.96,captured
order_rA1RPVePwP9oJQ,2026-07-26,cust_0086,1538.18,captured
order_s4T6KEuKLhOXid,2026-07-26,cust_0011,283.06,captured
order_1jWhBar5CP9IJv,2026-07-27,cust_0066,44414.84,captured
order_2ktniNso8MIumc,2026-07-27,cust_0023,16472.19,captured
order_6TAnyU2H9DEJ58,2026-07-27,cust_0081,4078.53,captured
order_8nUsAuxhUubWa8,2026-07-27,cust_0079,8708.38,captured
order_Co0dTdxGYzMQXW,2026-07-27,cust_0058,1769.10,captured
order_EHrBugFXNAoLeG,2026-07-27,cust_0071,2197.03,captured
order_FFQDrMja1ndTmM,2026-07-27,cust_0022,1309.59,captured
order_I5p59OkBptdnNk,2026-07-27,cust_0034,1767.65,captured
order_MjsmK3R5HmHkgV,2026-07-27,cust_0036,59474.17,captured
order_UNtzz8yZwo831t,2026-07-27,cust_0072,2178.21,captured
order_WP3Y5bSeSyECxi,2026-07-27,cust_0002,1656.08,captured
order_WY187EFXfB0OcC,2026-07-27,cust_0043,4077.59,captured
order_ZgvAIZDwbhKtCg,2026-07-27,cust_0040,3263.45,captured
order_cdDQSl1Tpg7pyY,2026-07-27,cust_0017,4432.86,captured
order_d1uRHivoNYXBzb,2026-07-27,cust_0007,1879.18,captured
order_igaBjuMbZFIjiq,2026-07-27,cust_0045,351.64,captured
order_vRKKoasRZd5TG9,2026-07-27,cust_0076,4686.59,captured
order_zmv3YLHfgGglZt,2026-07-27,cust_0076,1368.44,captured
order_7h82WQneEJpa2x,2026-07-28,cust_0032,1170.22,captured
order_8wDcWXh6ue47I3,2026-07-28,cust_0067,1916.24,captured
order_EzwbONVKdv7EyD,2026-07-28,cust_0080,4770.70,captured
order_L5kqLesDpfZe38,2026-07-28,cust_0018,4264.51,captured
order_P1uuhlTIjIqSEV,2026-07-28,cust_0004,3826.25,captured
order_TIrgWdJDwNcu5Y,2026-07-28,cust_0063,2833.56,captured
order_VFS5PoM0dpcW9M,2026-07-28,cust_0039,4339.39,captured
order_cqmysHgtvO2gKM,2026-07-28,cust_0012,2668.62,captured
order_dvEU7ExmfnEob2,2026-07-28,cust_0060,639.62,captured
order_jMkio7CU7GLFWq,2026-07-28,cust_0085,1826.08,captured
order_m2510cFy5pD3Tx,2026-07-28,cust_0082,4044.10,captured
order_oMj3YlA0izzmzl,2026-07-28,cust_0061,2015.87,captured
order_uY127OzadX4PZ8,2026-07-28,cust_0032,1314.30,captured
order_vSv7IRDHQLH72d,2026-07-28,cust_0014,15937.97,captured
order_3rOtQN223nkifA,2026-07-29,cust_0061,4552.40,captured
order_F4v7zjZ28H9UR5,2026-07-29,cust_0005,1310.18,captured
order_FVZQnvbc7WfL45,2026-07-29,cust_0030,942.46,captured
order_JOoj3YZSIha0av,2026-07-29,cust_0089,633.64,captured
order_Srulab2mhjDpyk,2026-07-29,cust_0041,54957.80,captured
order_TatCsVbDF5d5U3,2026-07-29,cust_0020,3592.74,captured
order_W7cIida0KNCdyA,2026-07-29,cust_0012,3964.17,captured
order_Wq2BfqHTjW8kFZ,2026-07-29,cust_0040,1526.55,captured
order_WvkxCQOvmKgzhg,2026-07-29,cust_0008,49501.10,captured
order_cx98V6lVLx3RAl,2026-07-29,cust_0064,3257.63,captured
order_gsVi7ARXQ7Byy0,2026-07-29,cust_0061,2014.98,captured
order_i6uaDDOngeqx8a,2026-07-29,cust_0068,782.04,captured
order_31z3DkON1Ar15Y,2026-07-30,cust_0039,54796.13,captured
order_AVliHhLpf7tAeU,2026-07-30,cust_0071,3521.57,captured
order_AjburaoRsb98OL,2026-07-30,cust_0079,946.31,captured
order_F3DTgsNhHi7GI7,2026-07-30,cust_0024,1725.94,captured
order_K72BmwpMXmNYQq,2026-07-30,cust_0037,41494.12,captured
order_K858OTozCx7UkL,2026-07-30,cust_0078,463.94,captured
order_RnkxXN57WtCrMA,2026-07-30,cust_0031,4222.32,captured
order_jatDge0nFxd23I,2026-07-30,cust_0021,3893.88,captured
order_s9WMhYLjdupbK9,2026-07-30,cust_0067,4543.69,captured
order_2T8DEgIB3zj6tW,2026-07-31,cust_0019,3246.69,captured
order_4SfbtMsIiIGw87,2026-07-31,cust_0075,2981.43,captured
order_4a3HmXV86blU7c,2026-07-31,cust_0008,927.25,captured
order_5o4zE6OYSnZ0B8,2026-07-31,cust_0003,41187.28,captured
order_5pizuYb3YPiEHR,2026-07-31,cust_0055,38141.98,captured
order_B9l3rSVjCszGkA,2026-07-31,cust_0030,308.84,captured
order_EgB2NR8FrTVPPw,2026-07-31,cust_0079,4820.69,captured
order_F5ewhFuysv9rBu,2026-07-31,cust_0042,3842.44,captured
order_G9IPIDzF6XqtUG,2026-07-31,cust_0033,4652.71,captured
order_MriPfdk7Nl4vXE,2026-07-31,cust_0035,2856.04,captured
order_OimCtk328TtUJk,2026-07-31,cust_0089,2812.75,captured
order_OnF8m9vcX1buq9,2026-07-31,cust_0043,2608.35,captured
order_QJLe52Uc5MpkZs,2026-07-31,cust_0022,2075.15,captured
order_YaJb8pYjtY7D7r,2026-07-31,cust_0060,3199.99,captured
order_YhIGDrcZFGbIxP,2026-07-31,cust_0065,1969.64,captured
order_bTWbP7MQaPsNCo,2026-07-31,cust_0024,2582.38,captured
order_eGIbblyke6Eezt,2026-07-31,cust_0017,3173.39,captured
order_mqAZm7229TTS0l,2026-07-31,cust_0037,16409.50,captured
order_xPKtP8pumwRVNQ,2026-07-31,cust_0072,2006.08,captured
order_1cBap3Lo3UDaIR,2026-08-01,cust_0089,4703.24,captured
order_5hUgK41P6u5Cu6,2026-08-01,cust_0010,1291.29,captured
order_ChHl0DWw1Dlhgu,2026-08-01,cust_0075,3233.83,captured
order_FGZOuJVrP8COMb,2026-08-01,cust_0050,803.20,captured
order_MHn2IoZWZykuLc,2026-08-01,cust_0037,1359.47,captured
order_OCJG0WimhTwTjS,2026-08-01,cust_0084,526.27,captured
order_Srop7C55gLhMzp,2026-08-01,cust_0027,4855.42,captured
order_nAKTEkgUXMNotZ,2026-08-01,cust_0080,1826.71,captured
order_nKugVN6lI5Sx6i,2026-08-01,cust_0013,4252.21,captured
order_prWKxQTUvIZGXR,2026-08-01,cust_0032,4466.70,captured
order_somSr4i9imCob5,2026-08-01,cust_0039,1517.36,captured
order_1pYjwn5qGR7Og7,2026-08-02,cust_0068,1367.37,captured
order_AqXiuPFK1OxByH,2026-08-02,cust_0007,4517.28,captured
order_AztVmDI4eCwswi,2026-08-02,cust_0053,3372.16,captured
order_H9pTSJEjx9Sa8K,2026-08-02,cust_0030,670.23,captured
order_U552lEaNh4JcIm,2026-08-02,cust_0057,4079.91,captured
order_aYEczAzbhdMhQE,2026-08-02,cust_0035,2118.73,captured
order_foTfx2TVdTKXVT,2026-08-02,cust_0083,3154.98,captured
order_irzVHhz5oAWagm,2026-08-02,cust_0005,832.15,captured
order_jqnyFaTMtNDnuv,2026-08-02,cust_0078,2596.97,captured
order_pFx0aZSiXIqdQM,2026-08-02,cust_0009,4908.67,captured
order_ubdzoQ1XdyVtMy,2026-08-02,cust_0011,4287.04,captured
order_ycq9SLiiG5gBPU,2026-08-02,cust_0073,4162.20,captured
order_1pB2Wl5amSGAAZ,2026-08-03,cust_0079,2761.73,captured
order_CNeqm5kRpCbVS2,2026-08-03,cust_0032,49326.77,captured
order_CvnlfAGG9LsJuv,2026-08-03,cust_0064,2970.83,captured
order_F8w0Auop8fKKX2,2026-08-03,cust_0044,3906.88,refunded
order_FjazkdqFx12AUg,2026-08-03,cust_0073,47960.29,captured
order_GseyO7PyL3vOQO,2026-08-03,cust_0043,2057.67,captured
order_QxmgHwKxlytEe1,2026-08-03,cust_0044,2845.80,captured
order_T6g0fKSZg14ZPn,2026-08-03,cust_0027,1260.71,captured
order_Wk5H92pO8sBAKt,2026-08-03,cust_0003,3840.56,captured
order_YkalBXYT1vzGSc,2026-08-03,cust_0083,3018.35,captured
order_Zr7z687uFIuDli,2026-08-03,cust_0060,2080.44,captured
order_cgb2oaYlUqbD7r,2026-08-03,cust_0079,4608.59,captured
order_gb2cKHWawDfZbr,2026-08-03,cust_0049,3418.85,captured
order_kL6cOILfN4ggjG,2026-08-03,cust_0049,4747.60,captured
order_m0TtNdx2x4TlbS,2026-08-03,cust_0016,5392.37,captured
order_m6GAEtxiPVpUIE,2026-08-03,cust_0075,2115.94,captured
order_1w530dKhyXOFfP,2026-08-04,cust_0017,2115.43,captured
order_3A7H5Dp0nt1FbF,2026-08-04,cust_0021,1408.73,captured
order_BsECTzxnZopuaJ,2026-08-04,cust_0031,2288.41,captured
order_C25XQqbdjPF9yt,2026-08-04,cust_0032,1819.98,captured
order_IeFpHMqlBPCV84,2026-08-04,cust_0016,40231.30,captured
order_Jr4qTDXJRqHKAL,2026-08-04,cust_0019,2856.93,captured
order_K2lQfD8MBuTScB,2026-08-04,cust_0076,743.20,captured
order_OJArroey2cIHHg,2026-08-04,cust_0086,2217.70,captured
order_ZE6KWg7ge4u9aL,2026-08-04,cust_0014,1328.32,captured
order_pIByz3bDKtMZ20,2026-08-04,cust_0080,4665.03,captured
order_sNfTmyKwLDGXLe,2026-08-04,cust_0049,2803.96,captured
order_zG7k8TVGL8hzKj,2026-08-04,cust_0042,562.36,captured
order_zn7x359NSRTErU,2026-08-04,cust_0025,3139.11,captured
order_2V2WaN72dxNCq8,2026-08-05,cust_0024,4942.23,captured
order_44ukmbamoUyKyU,2026-08-05,cust_0075,519.16,captured
order_5LTKI27KWlJozK,2026-08-05,cust_0072,2459.91,captured
order_8ad3drGL8riYBx,2026-08-05,cust_0022,34950.68,captured
order_EPi8mFLHbqp0kZ,2026-08-05,cust_0073,2851.37,captured
order_QOy2QlAbc3cDyR,2026-08-05,cust_0043,2233.19,captured
order_UtuNLG3iinogzQ,2026-08-05,cust_0058,2724.16,captured
order_dBePPCXEtbYCzn,2026-08-05,cust_0009,3567.17,captured
order_dJs4TwigdxFoIE,2026-08-05,cust_0074,4916.07,captured
order_fDHLfBVurHJysC,2026-08-05,cust_0085,2641.65,captured
order_iLfTe71I2y4MsY,2026-08-05,cust_0045,4083.04,captured
order_pSV4FdVJDHmNhZ,2026-08-05,cust_0051,50317.46,captured
order_qSjomoU3nfkSSj,2026-08-05,cust_0003,2251.30,captured
order_tLvoGm6nCcit6Q,2026-08-05,cust_0048,219.88,captured
order_y8tJwPfZf9ZPAR,2026-08-05,cust_0063,4223.56,captured
order_1qV7yLN744muK9,2026-08-06,cust_0046,2904.28,captured
order_CZ9ISyAa7ePU4F,2026-08-06,cust_0030,51502.90,captured
order_D1yfsyEixKZWko,2026-08-06,cust_0065,4179.23,captured
order_KKDW1akFnEzfOe,2026-08-06,cust_0089,418.85,captured
order_PWBWOE6tF7uyVq,2026-08-06,cust_0023,2971.87,captured
order_RDDRUPKqPXah8j,2026-08-06,cust_0039,307.34,captured
order_Zy4h7FpnwEWYKC,2026-08-06,cust_0057,32397.98,captured
order_ciFlm6J2Jg8ieU,2026-08-06,cust_0037,2614.69,captured
order_lk4ZPacYoHnM84,2026-08-06,cust_0062,4716.45,captured
order_mH26w055WX3I2H,2026-08-06,cust_0009,2395.61,captured
order_oFnbK6KaEoB9sz,2026-08-06,cust_0064,4953.10,captured
order_wtnGOa3gx2cKHM,2026-08-06,cust_0025,4747.92,captured
order_xqTsf80KhCZ3ur,2026-08-06,cust_0015,3847.78,captured
order_zmonaXFm5cYHBG,2026-08-06,cust_0087,2538.91,captured
order_6nip3ApeDDKZNK,2026-08-07,cust_0003,2986.67,captured
order_AB1Rt0B5Bu9GBs,2026-08-07,cust_0047,4035.47,captured
order_C8Os00UNFFKJux,2026-08-07,cust_0050,3654.74,captured
order_CANTI9rRwjtKMv,2026-08-07,cust_0040,2343.53,captured
order_IM55VpLLSNShiO,2026-08-07,cust_0062,707.59,captured
order_JGxdRwmEgbQdMh,2026-08-07,cust_0032,3071.68,captured
order_L1OgNKLkNS9EJg,2026-08-07,cust_0020,856.26,captured
order_YUSGfYsAdCIQii,2026-08-07,cust_0011,1902.95,captured
order_Yqe4nsE6XHA99A,2026-08-07,cust_0004,3564.02,captured
order_Yx10jQlB8jASb4,2026-08-07,cust_0020,46641.76,captured
order_ZDYzKwYopHa3MK,2026-08-07,cust_0018,1170.24,captured
order_DbjzxSTdx14VEp,2026-08-08,cust_0027,3506.22,captured
order_E2HglpsJJYPG0T,2026-08-08,cust_0072,1748.76,captured
order_Epnv1qv7UZIHQl,2026-08-08,cust_0048,398.79,captured
order_HodkYuetwz59Zx,2026-08-08,cust_0034,18857.91,captured
order_IakWgtMLHrdEmc,2026-08-08,cust_0035,2854.65,captured
order_NaRpaDHM2IVC8P,2026-08-08,cust_0023,4801.60,captured
order_Q0JYHbllZtsm0X,2026-08-08,cust_0001,3321.98,captured
order_Q4qiWDmGMEvh6q,2026-08-08,cust_0062,4703.72,captured
order_TvU51DdXmZfNRl,2026-08-08,cust_0042,4416.73,captured
order_W9L6BQvk5o5XyL,2026-08-08,cust_0061,39763.48,captured
order_Y0wczijkI5ZmrB,2026-08-08,cust_0072,4432.06,captured
order_af0zF6jJHerAGE,2026-08-08,cust_0022,1712.12,captured
order_fiscfgvFqBfmVM,2026-08-08,cust_0063,53726.18,captured
order_fvC9dC3zJFqeUx,2026-08-08,cust_0004,4179.99,captured
order_gWIeyeqzlv3ATn,2026-08-08,cust_0010,3933.72,captured
order_p8QmBIIYHwPALm,2026-08-08,cust_0032,2019.83,captured
order_rKHPtUTkiswAC8,2026-08-08,cust_0075,1412.94,captured
order_uH9e52yHaWQ2Ew,2026-08-08,cust_0074,2765.52,captured
order_xopViuCwhEr5Kz,2026-08-08,cust_0021,2241.37,captured
order_APg9u2TLGSshER,2026-08-09,cust_0032,669.60,captured
order_BUrPS8qO42uL92,2026-08-09,cust_0002,3585.32,captured
order_Nxg2iBiqdeshLa,2026-08-09,cust_0069,1746.21,captured
order_OtGDMwwsp1qi9L,2026-08-09,cust_0022,3505.48,captured
order_UmFC5EjVVUHlmg,2026-08-09,cust_0053,2236.46,captured
order_exKvKx8HKSnbPq,2026-08-09,cust_0042,3488.70,captured
order_miK979yQ5kWFRd,2026-08-09,cust_0071,4236.52,captured
order_p0oelURRxehXY2,2026-08-09,cust_0043,566.36,captured
order_pvVnloTjuvO9dU,2026-08-09,cust_0018,3971.54,captured
order_syhHPZWyK2V3am,2026-08-09,cust_0014,1009.65,captured
order_twCUAtoGO5CHN6,2026-08-09,cust_0070,2141.26,captured
order_4rBPiKl4QSMuqn,2026-08-10,cust_0012,7163.30,captured
order_7GcKg9dA7ZKamg,2026-08-10,cust_0085,1307.80,captured
order_8smaU34Poi7D1Y,2026-08-10,cust_0067,34486.73,captured
order_Cr2r4unOYz1pUE,2026-08-10,cust_0080,2278.76,captured
order_CuTbbMS0qMbmjT,2026-08-10,cust_0048,3145.94,captured
order_Exal6jkSWG8iHZ,2026-08-10,cust_0042,2678.34,captured
order_JmTXg8T5TqN5Yt,2026-08-10,cust_0055,4287.30,captured
order_MmBHgDdYcoJWDj,2026-08-10,cust_0086,3400.23,captured
order_NOOOe2tRzQUj1d,2026-08-10,cust_0041,2046.81,captured
order_PmSHPxTFGFdKxd,2026-08-10,cust_0046,4097.63,captured
order_iOnT7bN0cXmPTv,2026-08-10,cust_0052,1662.26,captured
order_mvYdzBKH6qTO8U,2026-08-10,cust_0075,1671.45,captured
order_oJfIWBbTprsvN0,2026-08-10,cust_0050,46483.02,captured
order_p94MRidWYOLu5T,2026-08-10,cust_0010,1463.21,captured
order_q6DAmnGB6KU399,2026-08-10,cust_0009,56794.06,captured
order_zsGcm73e2JvFQh,2026-08-10,cust_0030,39189.24,captured
order_00bpYrXSSI0hRn,2026-08-11,cust_0002,4322.45,captured
order_2Rt6qcloHisuiE,2026-08-11,cust_0067,3323.13,captured
order_32ETMolOMF6Onb,2026-08-11,cust_0001,1621.84,captured
order_6SUgIg2VQpwHVw,2026-08-11,cust_0014,9570.85,captured
order_8O9Wo9KXn2zKUT,2026-08-11,cust_0034,326.92,captured
order_8XvNfyayabxRPm,2026-08-11,cust_0036,1376.84,captured
order_A27TeiorlLlSQL,2026-08-11,cust_0038,3124.47,captured
order_DTgVFX39demqG4,2026-08-11,cust_0065,46709.91,captured
order_GFP5DM6NPj01rt,2026-08-11,cust_0054,3740.69,captured
order_GpHJgzzhLVZVK3,2026-08-11,cust_0074,3850.65,captured
order_jnzpdygcPw2YKG,2026-08-11,cust_0023,1963.80,captured
order_q4BwoROUeYwvKN,2026-08-11,cust_0001,4798.92,captured
order_1MNg3Vmzzu5aP1,2026-08-12,cust_0040,4825.51,captured
order_35SynxZ7DCsH3U,2026-08-12,cust_0051,4500.96,captured
order_4uBYip8bW5NeCW,2026-08-12,cust_0048,3726.94,captured
order_6eHlCKW8qsBndC,2026-08-12,cust_0081,2276.56,captured
order_NV0HP4ek7rPqt8,2026-08-12,cust_0076,18733.88,captured
order_Pb3M3ECmpaqZTW,2026-08-12,cust_0061,3797.96,captured
order_Q3kmPuS9qLxxmt,2026-08-12,cust_0046,11464.66,captured
order_T99u6JivXHmQyA,2026-08-12,cust_0001,2382.19,captured
order_ZVKN9Sqd1wQ5H6,2026-08-12,cust_0061,48850.41,captured
order_icwmSJqM1PrYI3,2026-08-12,cust_0023,2391.89,captured
order_j4lxPAvsKjXPKd,2026-08-12,cust_0070,1287.81,captured
order_oJ0qnJaK8Lmyfr,2026-08-12,cust_0045,4835.49,captured
order_ECpR5uUyHwOD0B,2026-08-13,cust_0089,2900.62,captured
order_EFf1sMXCWqfXk9,2026-08-13,cust_0009,279.78,captured
order_EPSHHDDF77gJwV,2026-08-13,cust_0060,293.84,captured
order_I7na4hlYs7haAo,2026-08-13,cust_0022,4354.55,captured
order_MUsnGIqWVKUUg5,2026-08-13,cust_0062,10924.45,captured
order_OXRXUZtP8jybPr,2026-08-13,cust_0055,3899.48,captured
order_mM8ufrxTCMdnKN,2026-08-13,cust_0008,3276.22,captured
order_330WAnsBYqrL5x,2026-08-14,cust_0041,19282.73,captured
order_VQIPTFQKjHJjTP,2026-08-14,cust_0012,751.77,captured
order_d5fJyI3V22uybn,2026-08-14,cust_0008,4939.47,captured
order_eEevhJSZ8a5HPc,2026-08-14,cust_0005,2443.26,captured
order_iw5YHL6ULFU09p,2026-08-14,cust_0076,1775.28,captured
order_jSg0TTDTlxlTKd,2026-08-14,cust_0061,4340.38,captured
order_77qQIhyyMukHTU,2026-08-15,cust_0048,1279.55,captured
order_8Bnhe8djk4XjNv,2026-08-15,cust_0044,1848.64,captured
order_9A5KAxpopqON0p,2026-08-15,cust_0055,1891.44,captured
order_E4pqxfQKuIBlPy,2026-08-15,cust_0059,52120.12,captured
order_FU0Sn5Kw1fmP3s,2026-08-15,cust_0062,1977.04,captured
order_FkDza8AsMXPsFJ,2026-08-15,cust_0088,35089.32,captured
order_U5d0RJJhQ4G9V0,2026-08-15,cust_0010,1120.40,captured
order_Ujao9rItHIHu8Z,2026-08-15,cust_0049,3718.29,captured
order_XqkHhKac6J9Ltx,2026-08-15,cust_0066,3778.38,captured
order_YQRvUaoDfoIb6v,2026-08-15,cust_0001,3372.35,captured
order_eDubl77Az4jMwE,2026-08-15,cust_0013,4048.45,captured
order_lVEL4qtuS6WCFC,2026-08-15,cust_0060,37003.04,captured
order_spSpl3HaGDOvgE,2026-08-15,cust_0069,4530.43,captured
order_0Y2DYJTMBzbgXw,2026-08-16,cust_0050,473.25,captured
order_51PM4isrUiH3GP,2026-08-16,cust_0030,2317.73,captured
order_5dc4bBD8DaUmVZ,2026-08-16,cust_0078,3367.18,captured
order_AinlfNTwexUH7c,2026-08-16,cust_0058,3277.95,captured
order_IsADLX7w3wIObz,2026-08-16,cust_0072,2859.76,captured
order_MgqKAggoNtYJBJ,2026-08-16,cust_0007,39213.48,captured
order_azSrqd8vLs8Wh7,2026-08-16,cust_0048,4553.50,captured
order_bhu4wwRJz7dxG5,2026-08-16,cust_0077,3178.62,captured
order_clMeOdV6tVwx34,2026-08-16,cust_0019,4067.10,captured
order_puZHAezSROBDfJ,2026-08-16,cust_0009,39157.09,captured
order_qjpYbXpsJAGBl4,2026-08-16,cust_0075,2913.52,captured
order_sooQjTudqWaSaT,2026-08-16,cust_0041,3257.01,captured
order_sytBpqyaFbjLXD,2026-08-16,cust_0081,3312.43,captured
order_tDuFUCMvoJLlhA,2026-08-16,cust_0080,2626.84,captured
order_0ScS1siVflxggp,2026-08-17,cust_0067,3911.22,captured
order_4oTabu4EXP8nCk,2026-08-17,cust_0038,3615.03,captured
order_Fcry2OmgxlHfci,2026-08-17,cust_0061,3923.17,captured
order_HRhFBVrDOWxyQA,2026-08-17,cust_0069,1043.35,captured
order_HbXXxeAGnYTJGc,2026-08-17,cust_0018,39720.95,captured
order_QVNY1J5QJCJZDk,2026-08-17,cust_0012,809.87,captured
order_S1eXuZoauzcaYp,2026-08-17,cust_0018,3442.04,captured
order_UfbMZQtRl1lrCA,2026-08-17,cust_0081,671.27,captured
order_Uxmk2FIW5M4L8s,2026-08-17,cust_0061,3140.29,captured
order_W1YmTwqhlwRbu5,2026-08-17,cust_0009,4717.51,captured
order_X7N6rv3CpPoynU,2026-08-17,cust_0075,17900.46,captured
order_Y6jTTrEruoGfYr,2026-08-17,cust_0017,1555.47,captured
order_jvgDiUwGMm859x,2026-08-17,cust_0008,586.71,captured
order_moRAhb4cj7xF03,2026-08-17,cust_0016,3747.14,captured
order_qEl00XEg9daLKo,2026-08-17,cust_0059,2553.52,captured
order_snSHEperKnFSoT,2026-08-17,cust_0003,4070.79,captured
order_vXwFadMQkPgi0Z,2026-08-17,cust_0022,50917.21,captured
order_wmdpi4N7nSlXk3,2026-08-17,cust_0054,3024.84,captured
order_3o2ubDnNIyT4jw,2026-08-18,cust_0036,1192.28,captured
order_6ER5zVGoKWOyjQ,2026-08-18,cust_0029,2265.94,captured
order_A3ld7iqCj51v8d,2026-08-18,cust_0087,49198.77,captured
order_EGRQ3t3rImSgwy,2026-08-18,cust_0065,3017.56,captured
order_MF9KUKuRyQixbo,2026-08-18,cust_0033,1819.27,captured
order_QBSEDP6LyAYUys,2026-08-18,cust_0087,5345.36,captured
order_bpuu0dC9PMJENa,2026-08-18,cust_0039,3709.49,captured
order_fp4YBiLhRNuQ4t,2026-08-18,cust_0046,1712.45,captured
order_hPLveOuJNJPCaS,2026-08-18,cust_0023,4779.20,captured
order_myeTY9lisaPj54,2026-08-18,cust_0026,29320.73,captured
order_pDEdV0fKfw4AAz,2026-08-18,cust_0055,2507.89,captured
order_tC8iintCDgJpnZ,2026-08-18,cust_0076,3242.78,captured
order_tcgUDJkCdtZCIA,2026-08-18,cust_0089,2058.93,captured
order_tgTLiJdUhbOvRq,2026-08-18,cust_0076,2350.50,captured
order_vcqIhrVPuLMCr1,2026-08-18,cust_0052,1106.10,captured
order_xpeKskvlxnrlTu,2026-08-18,cust_0052,1374.42,captured
order_7MRzvtCtLBsbiQ,2026-08-19,cust_0039,2221.66,captured
order_Dq1mbnR0Dix6a9,2026-08-19,cust_0085,32366.14,captured
order_Gvl5twKRnM4LTk,2026-08-19,cust_0068,398.63,refunded
order_Pr2mmQc12t66qS,2026-08-19,cust_0085,2117.61,captured
order_Z2l8qIRo8yfmnG,2026-08-19,cust_0036,3967.36,captured
order_ZSHlgaFSL9XbZV,2026-08-19,cust_0056,4399.91,captured
order_cAECNAfdnRind6,2026-08-19,cust_0088,520.47,captured
order_eHr8mngVGvsg7K,2026-08-19,cust_0063,1134.59,captured
order_ebaiesSp6TMeDQ,2026-08-19,cust_0053,3322.94,captured
order_jyRXUqoBhUnRca,2026-08-19,cust_0006,3910.82,captured
order_mmMNWhCYA86EBb,2026-08-19,cust_0061,472.67,captured
order_nWJPogjdzzKvWb,2026-08-19,cust_0034,4131.03,captured
order_4rOItVIILpXWaC,2026-08-20,cust_0066,4507.60,captured
order_5eBBwWP2stgp6g,2026-08-20,cust_0027,759.14,captured
order_7LWSq0qm86H1PD,2026-08-20,cust_0003,51652.74,captured
order_AZ4s8DZ2dBiyWi,2026-08-20,cust_0082,4206.25,captured
order_C4MzlJrV3cLzbW,2026-08-20,cust_0024,3801.80,captured
order_LZJjSGAGzK4VMT,2026-08-20,cust_0005,1690.33,captured
order_Qsf1pHdYPkfOhb,2026-08-20,cust_0064,2805.61,captured
order_RAomWmQbH8eALK,2026-08-20,cust_0065,2941.08,captured
order_V1eHr5NOBY4LX4,2026-08-20,cust_0020,535.50,captured
order_XyPwaNumEZYw2h,2026-08-20,cust_0066,2813.37,captured
order_aU5Fomvn21N11F,2026-08-20,cust_0010,4538.37,captured
order_g7vXzrnOAJavff,2026-08-20,cust_0077,44742.45,captured
order_m88aAaCgNYno1b,2026-08-20,cust_0017,2576.07,captured
order_mimWOS4axwA4fD,2026-08-20,cust_0031,2396.22,captured
order_oJXz0NKIPrBKp3,2026-08-20,cust_0077,693.00,captured
order_tyqbI8Q1cNsdWa,2026-08-20,cust_0023,5237.68,captured
order_6xNjrPsxf5e4ZE,2026-08-21,cust_0029,1258.59,captured
order_8eDmfnGcdoS7yt,2026-08-21,cust_0032,1283.22,captured
order_FHIKR5XQzrFVHU,2026-08-21,cust_0033,11370.43,captured
order_Nz4mRBqNG2t6d4,2026-08-21,cust_0087,3506.14,captured
order_PFMUp2vEAW73Tf,2026-08-21,cust_0056,1288.12,captured
order_hqe7ttyT8s8GtP,2026-08-21,cust_0013,2714.99,captured
order_ip3djPZ3s39H0B,2026-08-21,cust_0075,1736.13,captured
order_n1KB63J2qU7gma,2026-08-21,cust_0002,2360.65,captured
order_omtQ2tofJiW5OJ,2026-08-21,cust_0040,1440.96,captured
order_pNGk5gLRyW59YU,2026-08-21,cust_0062,2924.26,captured
order_q9Gayrhvy9IVcM,2026-08-21,cust_0079,4688.32,captured
order_tCcQLUq4Vc9CvG,2026-08-21,cust_0019,1894.28,captured
order_yZsThE2hD01pM4,2026-08-21,cust_0071,1872.60,captured
order_5eglUrSREdQ4CW,2026-08-22,cust_0035,4644.40,captured
order_E6VdvvBoWfK8IC,2026-08-22,cust_0022,4279.69,captured
order_FM6vbTcP6vqwgp,2026-08-22,cust_0040,2024.82,captured
order_LX9JlTEVhgXMi0,2026-08-22,cust_0061,906.38,captured
order_U6WxLnzgeh7YAH,2026-08-22,cust_0086,4460.13,captured
order_ZH6huAvpc5ESGR,2026-08-22,cust_0086,4191.89,captured
order_fHOoh9NmvK1pi2,2026-08-22,cust_0006,19727.02,captured
order_fcJuoF2LaE3gq5,2026-08-22,cust_0019,4700.35,captured
order_flC2KYCV4dwKRG,2026-08-22,cust_0087,1365.28,captured
order_hViWzkJbAXAy4M,2026-08-22,cust_0052,3836.26,captured
order_k7vbIEEZwxEXRH,2026-08-22,cust_0005,3371.22,captured
order_ottuApSaCBxaaB,2026-08-22,cust_0054,3449.90,captured
order_vJ5moX49KEivWB,2026-08-22,cust_0082,488.43,captured
order_wsskpuPlUflLdU,2026-08-22,cust_0050,594.87,captured
order_xiB2HBR2TtTXJl,2026-08-22,cust_0024,1312.75,captured
order_0aca8U0I3oG6tf,2026-08-23,cust_0017,4357.07,captured
order_5JgSKYrq3rcQrj,2026-08-23,cust_0038,3134.70,captured
order_6rF6RMocUcZRT7,2026-08-23,cust_0062,3557.13,captured
order_EPr6HtnAbPcxXe,2026-08-23,cust_0023,2029.24,captured
order_JDV230l19YmMg0,2026-08-23,cust_0003,3678.27,captured
order_OlqruSn0f1huqA,2026-08-23,cust_0060,4490.69,captured
order_TTbiM00HwYDqQp,2026-08-23,cust_0040,4482.24,captured
order_YNHYOxTqmTXmpi,2026-08-23,cust_0025,1122.75,captured
order_jqNDMrmif2nERO,2026-08-23,cust_0088,57318.86,captured
order_l3xeGKKTDuQzqK,2026-08-23,cust_0039,4948.12,captured
order_pb5m0s5XkKQgY9,2026-08-23,cust_0046,4787.30,captured
order_pdoU5tGkwFWQuA,2026-08-23,cust_0056,4276.09,captured
order_qe7K5Y82JpFyTU,2026-08-23,cust_0037,1907.76,captured
order_0iItgCpJBg28Tk,2026-08-24,cust_0050,1055.49,captured
order_4ZHQctQzafrPHO,2026-08-24,cust_0042,1716.17,captured
order_GumPWBrBtGNEev,2026-08-24,cust_0024,318.33,captured
order_IWXrovzZs4OxN3,2026-08-24,cust_0063,5782.18,captured
order_Va3TIRj1ysZ5Qs,2026-08-24,cust_0003,48135.74,captured
order_Y1tWyrEh8XmmOp,2026-08-24,cust_0081,691.43,captured
order_ZfvmG3lnLhFay0,2026-08-24,cust_0017,440.58,captured
order_eBX9kBhawWQY0q,2026-08-24,cust_0031,4196.21,captured
order_edy4AQ5FxitZb1,2026-08-24,cust_0014,2350.77,captured
order_fN0mRB88R9kRsX,2026-08-24,cust_0050,27612.69,captured
order_kbbZsDWJrp3dZg,2026-08-24,cust_0053,3051.27,captured
order_mImT2wzX3kAiwb,2026-08-24,cust_0052,2605.53,captured
order_miOum7M8vMrrJm,2026-08-24,cust_0064,4805.64,captured
order_yL9GzHzNMt8N9a,2026-08-24,cust_0016,3260.25,captured
order_1HMHezP8iaHVS0,2026-08-25,cust_0001,3746.39,captured
order_4oJUFX2JL2mMNo,2026-08-25,cust_0071,2684.26,captured
order_hSlC30CMgIAxgy,2026-08-25,cust_0072,1091.15,captured
order_kcmgxmtE99djNw,2026-08-25,cust_0032,3435.35,captured
order_vZNeDVHEKh78Fl,2026-08-25,cust_0032,3522.88,captured
order_4tsmwT0GDfojT3,2026-08-26,cust_0011,2843.42,captured
order_HaFvg6r1Vfpguf,2026-08-26,cust_0087,3539.86,captured
order_NsPXC295vXwxXy,2026-08-26,cust_0014,2459.12,captured
order_Y6NqYwcsmtPbm6,2026-08-26,cust_0080,1798.07,captured
order_cUK8T7ZjLYcwpd,2026-08-26,cust_0086,517.56,captured
order_ddSvKpfUKCARoO,2026-08-26,cust_0031,337.95,captured
order_juEZ7UPa2Jxe5z,2026-08-26,cust_0022,3227.30,captured
order_oXdDCq6QWdMh1K,2026-08-26,cust_0053,2559.23,captured
order_6WUdaXCp1oV5Iz,2026-08-27,cust_0013,1251.94,captured
order_8NqhzpNnjfxLr4,2026-08-27,cust_0010,3007.59,captured
order_8P1WuHhmNKINX4,2026-08-27,cust_0025,3141.86,captured
order_99nKvXKcpnWnl7,2026-08-27,cust_0042,448.51,captured
order_9ZDQJNARdAFrxS,2026-08-27,cust_0010,344.12,captured
order_CxWsWEyT6cSXfB,2026-08-27,cust_0069,2660.15,captured
order_IDTu6721i98wQs,2026-08-27,cust_0009,2850.68,captured
order_L0RzwggfZqKn6B,2026-08-27,cust_0002,10561.15,captured
order_Onz05MJUV5jtun,2026-08-27,cust_0085,3294.48,captured
order_P3EcfqwyY6fa6X,2026-08-27,cust_0027,4304.53,captured
order_QvgMJVIJwip8Tb,2026-08-27,cust_0028,1045.10,captured
order_j1pMKxyhz0JWjL,2026-08-27,cust_0019,842.39,captured
order_tjr9FyuBq2RAxs,2026-08-27,cust_0040,1586.36,captured
order_u0Ko9ZTWGst0aU,2026-08-27,cust_0015,1206.26,captured
order_vBCL8K2UOieQRt,2026-08-27,cust_0015,56176.56,captured
order_zxqAcgJgskIvO3,2026-08-27,cust_0031,1490.93,captured
order_1GqagOfPBzLjDp,2026-08-28,cust_0066,4753.65,captured
order_7TCUj2GMGfGW5S,2026-08-28,cust_0088,2246.07,captured
order_F6RDx9TDnxqnaF,2026-08-28,cust_0018,4238.80,captured
order_LU8f8j9nX29Ipg,2026-08-28,cust_0010,1763.99,captured
order_M89wOhKFFbitw5,2026-08-28,cust_0058,271.12,captured
order_N4SZnwX7Akr2E4,2026-08-28,cust_0015,37167.76,captured
order_NoET9SaHPD8ERv,2026-08-28,cust_0023,3773.84,captured
order_OH4chrYH8Gtac5,2026-08-28,cust_0052,2198.60,captured
order_QcB2qUwaCNaSo8,2026-08-28,cust_0084,1898.96,captured
order_Qjin3EQLKv8azo,2026-08-28,cust_0033,223.39,captured
order_Rx9j6z9Mwsf0ae,2026-08-28,cust_0084,3357.96,captured
order_TlRF76qZoItEn1,2026-08-28,cust_0018,4707.93,captured
order_WTAMoMlu2M1Qjl,2026-08-28,cust_0060,54240.69,captured
order_oWXn6YYIxEcfTX,2026-08-28,cust_0059,1531.77,captured
order_sVjZryk03w8GGz,2026-08-28,cust_0043,1659.39,captured
order_0KZU6KGFPvsQri,2026-08-29,cust_0069,350.13,captured
order_E6L8tisdljsuZS,2026-08-29,cust_0016,3145.39,captured
order_F6BJSHDSE1F3ND,2026-08-29,cust_0025,3919.67,captured
order_Fm5ibqyUjGpsW0,2026-08-29,cust_0075,2129.91,captured
order_GOJOmaSexv02fz,2026-08-29,cust_0071,3028.27,captured
order_LDShT0kIkmRUFt,2026-08-29,cust_0085,312.97,captured
order_UKqNGADtoAxWS8,2026-08-29,cust_0052,983.35,captured
order_XQ0z6prmaywT4s,2026-08-29,cust_0056,964.99,captured
order_XjTxM53hbjKPn2,2026-08-29,cust_0027,2639.10,captured
order_ZUkas81PowxV9h,2026-08-29,cust_0058,1388.16,captured
order_aT1ONNX1ukz5rK,2026-08-29,cust_0043,1343.46,captured
order_emtKWqAfSyZDU9,2026-08-29,cust_0068,2602.37,captured
order_htJM1l6fteCy7W,2026-08-29,cust_0020,3085.75,captured
order_jcxNxUy4oVOB7h,2026-08-29,cust_0019,51619.19,captured
order_mRpyS59FXIuTKF,2026-08-29,cust_0060,3567.17,captured
order_sw0nOWlGIRLjyH,2026-08-29,cust_0011,29830.53,captured
order_1K1pZn3bprxVZ1,2026-08-30,cust_0055,706.15,captured
order_6DFQ0SUYbzQYrt,2026-08-30,cust_0010,1458.36,captured
order_91PYzS6cE7s4PI,2026-08-30,cust_0071,1346.68,captured
order_9bRxOZ44ZhmDwm,2026-08-30,cust_0073,702.00,captured
order_D55tYioBb8wYpO,2026-08-30,cust_0024,4810.29,captured
order_HkOqsOgRB5yOaQ,2026-08-30,cust_0027,50029.94,captured
order_NITisgExcPUGzt,2026-08-30,cust_0007,1765.33,captured
order_NeSGCzAgEHQXXP,2026-08-30,cust_0063,4010.00,captured
order_Q9Zq8h5TN4dqxY,2026-08-30,cust_0064,4045.01,captured
order_Sd9TVflfx8WPJ0,2026-08-30,cust_0026,2416.28,captured
order_WzgDURRvc7w062,2026-08-30,cust_0033,1778.96,captured
order_cIj8QLxL2plMA7,2026-08-30,cust_0019,56970.91,captured
order_chWpotW6vTRzds,2026-08-30,cust_0001,728.47,captured
order_e8HZxN35Gt6UIR,2026-08-30,cust_0068,3718.71,captured
order_h0YR5MfIb24b48,2026-08-30,cust_0049,4453.07,captured
order_qyNS0ylpPjogVs,2026-08-30,cust_0003,2285.12,captured
order_szjZdnF2fenlr7,2026-08-30,cust_0035,4893.37,captured
order_zOz8Gm7dNWha55,2026-08-30,cust_0009,3387.06,captured
order_0wAfgNIGNXBItR,2026-08-31,cust_0067,1305.42,captured
order_FVc7Cv4oQW85B7,2026-08-31,cust_0026,4149.68,captured
order_Fa0TFx5izerYVR,2026-08-31,cust_0015,2400.84,captured
order_G1p5tVzXwlZooN,2026-08-31,cust_0020,1516.08,captured
order_GYP4FazaKIcDji,2026-08-31,cust_0027,1491.89,captured
order_Ggfiks1T0rmnHH,2026-08-31,cust_0080,4966.60,captured
order_PO9xpCnhv9dI6l,2026-08-31,cust_0036,41023.94,captured
order_Q6eAV8ysFGbL0J,2026-08-31,cust_0059,2700.35,captured
order_QaUnGNxnRSD1AP,2026-08-31,cust_0081,2361.54,captured
order_SPUHs3sBKIlj4I,2026-08-31,cust_0011,1883.25,captured
order_UCvPcJAarJ7ytC,2026-08-31,cust_0078,47214.29,captured
order_gygQTw6qFAbqfP,2026-08-31,cust_0029,1952.62,captured
order_ixYKTmw7Kr2qBQ,2026-08-31,cust_0048,1283.15,captured
order_jKI1tF0fu9yaHb,2026-08-31,cust_0070,4179.15,captured
order_mUqmVKRQpE8qcu,2026-08-31,cust_0036,56283.27,captured
order_oXgNwPFgfuLBBx,2026-08-31,cust_0015,786.76,captured
order_q6eM2ftcCSCEXb,2026-08-31,cust_0012,1961.66,captured
order_xoi9xDprx3TY6r,2026-08-31,cust_0032,39280.21,captured
order_zPwik34FOXCfOs,2026-08-31,cust_0039,3338.47,captured
order_EkRe6X3ImAwDll,2026-09-01,cust_0077,21760.11,captured
order_EsQGldecxbNSac,2026-09-01,cust_0011,3872.72,captured
order_Hn5O8Jn8Z1LYNH,2026-09-01,cust_0025,12879.09,captured
order_JwwWnBFuvvQG0h,2026-09-01,cust_0052,744.44,captured
order_LpTytaL37cgsqU,2026-09-01,cust_0007,4688.00,captured
order_YJXzjVWlWiifXd,2026-09-01,cust_0019,3161.73,captured
order_fkrGK3rtLBE9ey,2026-09-01,cust_0039,3950.92,captured
order_gD5i82S971VxSw,2026-09-01,cust_0062,581.31,captured
order_hilpjaJVj5eUgh,2026-09-01,cust_0073,3012.93,captured
order_l2TWFo1yBC32uU,2026-09-01,cust_0027,3901.75,captured
order_nuQIqQzoobmbYR,2026-09-01,cust_0001,1826.55,captured
order_tgxURJFVuNNd54,2026-09-01,cust_0005,2124.04,captured
order_wcK556dhMIkDcB,2026-09-01,cust_0075,951.81,captured
order_2A7wTh8buAuuez,2026-09-02,cust_0069,406.29,captured
order_2kgANqevkFuGBw,2026-09-02,cust_0051,14162.07,captured
order_7cUsdp9fvia6bT,2026-09-02,cust_0034,2339.79,captured
order_8zdYprqtXgPomo,2026-09-02,cust_0048,3640.01,captured
order_Dcy7jg5sNgsrkA,2026-09-02,cust_0050,3756.23,captured
order_HSxe6r1Q2AYAZx,2026-09-02,cust_0085,2071.74,captured
order_OkCoupUBQcXfsi,2026-09-02,cust_0073,3725.70,captured
order_Q5sJmWL2SyzA5t,2026-09-02,cust_0049,53598.52,captured
order_UpVRLrpcLnIX3G,2026-09-02,cust_0041,54555.07,captured
order_UshksKD4yyClQs,2026-09-02,cust_0035,10891.47,captured
order_Y9kkFnZ5KL8Nzn,2026-09-02,cust_0064,2810.71,captured
order_bsMtZ5GINyEEbB,2026-09-02,cust_0063,1352.15,captured
order_cKVu4cfd0rhiAn,2026-09-02,cust_0032,42899.57,captured
order_liOPfbwDgNfWZs,2026-09-02,cust_0017,6421.11,captured
order_qDLPRWcHEfaVxW,2026-09-02,cust_0006,1709.44,captured
order_qIs1M6MlAOB1pP,2026-09-02,cust_0089,388.83,captured
order_qcROnTIxeE0B3h,2026-09-02,cust_0034,4233.70,captured
order_00bpYrXSSI0hRn,2026-08-11,cust_0002,4322.45,captured
order_1GqagOfPBzLjDp,2026-08-28,cust_0066,4753.65,captured
order_5eglUrSREdQ4CW,2026-08-22,cust_0035,4644.40,captured
order_P6luf1zuCM18l3,2026-08-28,cust_0001,2000.00,captured
order_hjuHWbgZ6Oxrbr,2026-08-28,cust_0001,1000.00,captured
order_rIAteOe1M8hiCN,2026-08-28,cust_0001,1000.00,captured
order_JaNQhhTgR8kT2N,2026-08-03,cust_0001,2000.00,captured
order_FIUvyvu96mLguK,2026-08-03,cust_0001,1000.00,captured
order_tNLvjzhGnDaUST,2026-08-03,cust_0001,1000.00,captured
